station_id,station_name,city,frequency,listed_files,first_year,last_year,status
site_5774,"Vijay Nagar, Sangli - MPCB",Adi,15M,4,2017,2025,success
site_5587,"Bardowali, Agartala - Tripura SPCB",Agartala,15M,9,2017,2025,success
site_5377,"Kunjaban, Agartala - Tripura SPCB",Agartala,15M,9,2017,2025,success
site_5464,"Manoharpur, Agra - UPPCB",Agra,15M,9,2017,2025,success
site_307,"Sanjay Palace, Agra - UPPCB",Agra,15M,10,2016,2025,success
site_5465,"Sector-3B Avas Vikas Colony, Agra - UPPCB",Agra,15M,9,2017,2025,success
site_5501,"Shahjahan Garden, Agra - UPPCB",Agra,15M,9,2017,2025,success
site_5463,"Shastripuram, Agra - UPPCB",Agra,15M,9,2017,2025,success
site_5785,"Tarakpur, Ahmednagar - MPCB",Ahilyanagar,15M,4,2017,2025,success
site_5453,"Chandkheda, Ahmedabad - IITM",Ahmedabad,15M,9,2017,2025,success
site_5450,"Gyaspur, Ahmedabad - IITM",Ahmedabad,15M,9,2017,2025,success
site_308,"Maninagar, Ahmedabad - GPCB",Ahmedabad,15M,17,2009,2025,success
site_5067,"Phase-4 GIDC, Vatva - GPCB",Ahmedabad,15M,9,2017,2025,success
site_5452,"Raikhad, Ahmedabad - IITM",Ahmedabad,15M,9,2017,2025,success
site_5451,"Rakhial, Ahmedabad - IITM",Ahmedabad,15M,9,2017,2025,success
site_5454,"SAC ISRO Bopal, Ahmedabad - IITM",Ahmedabad,15M,9,2017,2025,success
site_5455,"SAC ISRO Satellite, Ahmedabad - IITM",Ahmedabad,15M,9,2017,2025,success
site_5456,"SVPI Airport Hansol, Ahmedabad - IITM",Ahmedabad,15M,9,2017,2025,success
site_5449,"Sardar Vallabhbhai Patel Stadium, Ahmedabad - IITM",Ahmedabad,15M,9,2017,2025,success
site_5346,"Sikulpuikawn, Aizawl - Mizoram PCB",Aizawl,15M,9,2017,2025,success
site_1392,"Civil Lines,  Ajmer - RSPCB",Ajmer,15M,9,2017,2025,success
site_5784,"Ramdaspeth, Akola - MPCB",Akola,15M,4,2017,2025,success
site_5653,"Siltara Phase-II, Raipur - CECB",Akoli-2,15M,9,2017,2025,success
site_5814,"Kherwadi_Bandra East, Mumbai - MPCB",Aliyawar,15M,4,2017,2025,success
site_1390,"Moti Doongri, Alwar - RSPCB",Alwar,15M,9,2017,2025,success
site_5052,"Patti Mehar, Ambala - HSPCB",Ambala,15M,9,2017,2025,success
site_6073,"Chinchpada, Ambernath - MPCB",Ambernath,15M,0,,,success
site_5786,"Shivneri Colony, Amravati - MPCB",Amravati,15M,4,2017,2025,success
site_5787,"Shri Shivaji Science College, Amravati - MPCB",Amravati,15M,1,2025,2025,success
site_256,"Golden Temple, Amritsar - PPCB",Amritsar,15M,9,2017,2025,success
site_5632,"Gulzarpet, Anantapur - APPCB",Anantapur,15M,9,2017,2025,success
site_5939,"Hakimapada, Angul - OSPCB",Angul,15M,3,2023,2025,success
site_5065,"GIDC, Ankleshwar - GPCB",Ankleshwar,15M,9,2017,2025,success
site_5539,"Kharahiya Basti, Araria - BSPCB",Araria,15M,9,2017,2025,success
site_5538,"New DM Office, Arrah - BSPCB",Arrah,15M,9,2017,2025,success
site_293,"Alandur Bus Depot, Chennai - CPCB",Arul Nagar,15M,17,2009,2025,success
site_1418,"Asansol Court Area, Asansol - WBPCB",Asansol,15M,9,2017,2025,success
site_5985,"Evelyn Lodge, Asansol - WBPCB",Asansol,15M,2,2024,2025,success
site_5544,"Gurdeo Nagar, Aurangabad - BSPCB",Aurangabad,15M,9,2017,2025,success
site_5666,"Vaikuntapuram, Tirupati - APPCB",Avilali,15M,6,2017,2025,success
site_5586,"HIMUDA Complex Phase-1, Baddi - HPPCB",Baddi,15M,9,2017,2025,success
site_5798,"Katrap, Badlapur - MPCB",Badlapur,15M,4,2017,2025,success
site_5264,"Vidayagiri, Bagalkot - KSPCB",Bagalkot,15M,9,2017,2025,success
site_5045,"Arya Nagar, Bahadurgarh - HSPCB",Bahadurgarh,15M,9,2017,2025,success
site_5585,"Sardar Patel Inter College, Baghpat - UPPCB",Bali,15M,9,2017,2025,success
site_5344,"Teri Gram, Gurugram - HSPCB",Bandhwari,15M,9,2017,2025,success
site_5711,"Rati Talai, Banswara - RSPCB",Banswara,15M,4,2017,2025,success
site_5775,"Bamboliya, Baran - RSPCB",Baran,15M,4,2017,2025,success
site_5541,"Mayaganj, Bhagalpur - BSPCB",Barari,15M,9,2017,2025,success
site_5938,"Forest Office, Barbil - OSPCB",Barbil,15M,3,2023,2025,success
site_5628,"Civil Lines, Bareilly - UPPCB",Bareilly,15M,9,2017,2025,success
site_5601,"Rajendra Nagar, Bareilly - UPPCB",Bareilly,15M,9,2017,2025,success
site_5670,"Meher Colony, Baripada - OSPCB",Baripada,15M,6,2017,2025,success
site_5714,"Railway Colony, Barmer - RSPCB",Barmer,15M,4,2017,2025,success
site_5959,"SVSPA Campus, Barrackpore - WBPCB",Barrackpore,15M,3,2023,2025,success
site_1549,"Hardev Nagar, Bathinda - PPCB",Bathinda,15M,9,2017,2025,success
site_6071,"Bir, Beed - MPCB",Beed,15M,0,,,success
site_5540,"Lohiyanagar, Begusarai - BSPCB",Begusarai,15M,1,2025,2025,success
site_5432,"Ramteerth Nagar, Belgaum - KSPCB",Belagavi,15M,9,2017,2025,success
site_162,"BTM Layout, Bengaluru - CPCB",Bengaluru,15M,17,2009,2025,success
site_164,"BWSSB Kadabesanahalli, Bengaluru - CPCB",Bengaluru,15M,16,2009,2025,success
site_1553,"Bapuji Nagar, Bengaluru - KSPCB",Bengaluru,15M,9,2017,2025,success
site_165,"City Railway Station, Bengaluru - KSPCB",Bengaluru,15M,11,2015,2025,success
site_1554,"Hebbal, Bengaluru - KSPCB",Bengaluru,15M,9,2017,2025,success
site_1555,"Hombegowda Nagar, Bengaluru - KSPCB",Bengaluru,15M,9,2017,2025,success
site_1556,"Jayanagar 5th Block, Bengaluru - KSPCB",Bengaluru,15M,9,2017,2025,success
site_5681,"Kasturi Nagar, Bengaluru - KSPCB",Bengaluru,15M,6,2017,2025,success
site_163,"Peenya, Bengaluru - CPCB",Bengaluru,15M,17,2009,2025,success
site_5678,"RVCE-Mailasandra, Bengaluru - KSPCB",Bengaluru,15M,6,2017,2025,success
site_166,"Sanegurava Halli, Bengaluru - KSPCB",Bengaluru,15M,11,2015,2025,success
site_5686,"Shivapura_Peenya, Bengaluru - KSPCB",Bengaluru,15M,6,2017,2025,success
site_1558,"Silk Board, Bengaluru - KSPCB",Bengaluru,15M,9,2017,2025,success
site_5476,"Kamalnath Nagar, Bettiah - BSPCB",Bettiah,15M,9,2017,2025,success
site_5543,"DM Office_Kachari Chowk, Bhagalpur - BSPCB",Bhagalpur,15M,9,2017,2025,success
site_5695,"Krishna Nagar, Bharatpur - RSPCB",Bharatpur,15M,6,2017,2025,success
site_6064,"Vidhyanagar, Bhavnagar - Nexteng Enviro",Bhavnagar,15M,0,,,success
site_5660,"32Bungalows, Bhilai - CECB",Bhilai,15M,9,2017,2025,success
site_5536,"Civic Center, Bhilai - Bhilai Steel Plant",Bhilai,15M,9,2017,2025,success
site_5770,"Pratap Nagar, Bhilwara - RSPCB",Bhilwara,15M,4,2017,2025,success
site_1391,"RIICO Ind. Area III, Bhiwadi - RSPCB",Bhiwadi,15M,9,2017,2025,success
site_5982,"Vasundhara Nagar_UIT, Bhiwadi - RSPCB",Bhiwadi,15M,2,2024,2025,success
site_5813,"Gokul Nagar, Bhiwandi - MPCB",Bhiwandi,15M,4,2017,2025,success
site_5047,"H.B. Colony, Bhiwani - HSPCB",Bhiwani,15M,9,2017,2025,success
site_5708,"Idgah Hills, Bhopal - MPPCB",Bhopal,15M,4,2017,2025,success
site_5650,"Paryavaran Parisar, Bhopal - MPPCB",Bhopal,15M,9,2017,2025,success
site_1403,"Sector-D Industrial Area, Mandideep - MPPCB",Bhopal,15M,9,2017,2025,success
site_5247,"T T Nagar, Bhopal - MPPCB",Bhopal,15M,9,2017,2025,success
site_5940,"Lingraj Mandir, Bhubaneswar - OSPCB",Bhubaneswar,15M,3,2023,2025,success
site_5943,"Patia, Bhubaneswar - OSPCB",Bhubaneswar,15M,3,2023,2025,success
site_5418,"Naubad, Bidar - KSPCB",Bidar,15M,9,2017,2025,success
site_5481,"D M Colony, Bihar Sharif - BSPCB",Bihar Sharif,15M,9,2017,2025,success
site_5696,"MM Ground, Bikaner - RSPCB",Bikaner,15M,6,2017,2025,success
site_5689,"Nawapara SECL Colony, Chhal - CECB",Bilaspur Division,15M,6,2017,2025,success
site_1542,"Yamunapuram, Bulandshahr - UPPCB",Bulandshahr,15M,9,2017,2025,success
site_5771,"New Colony, Bundi - RSPCB",Bundi,15M,4,2017,2025,success
site_5542,"Charitra Van, Buxar - BSPCB",Buxar,15M,1,2025,2025,success
site_5942,"Ferro Chrome Colony, Byasanagar - OSPCB",Byasanagar,15M,3,2023,2025,success
site_5999,"15th Mile-Nongthymmai, Byrnihat - Meghalaya PCB",Byrnihat,15M,0,,,success
site_5491,"Sector 22, Chandigarh - CPCC",Chandigarh,15M,9,2017,2025,success
site_5127,"Sector-25, Chandigarh - CPCC",Chandigarh,15M,9,2017,2025,success
site_5582,"Sector-53, Chandigarh - CPCC",Chandigarh,15M,9,2017,2025,success
site_271,"Chauhan Colony, Chandrapur - MPCB",Chandrapur,15M,4,2017,2025,success
site_5545,"Darshan Nagar, Chhapra - BSPCB",Chapra,15M,9,2017,2025,success
site_5339,"Mini Secretariat, Charkhi Dadri - HSPCB",Charkhi Dadri,15M,9,2017,2025,success
site_5659,"Hathkhoj, Bhilai - CECB",Charoda,15M,9,2017,2025,success
site_5556,"Eco Herbal Park, Moradabad - UPPCB",Chaudharpur,15M,9,2017,2025,success
site_5361,"Arumbakkam, Chennai - TNPCB",Chennai,15M,9,2017,2025,success
site_5365,"Kodungaiyur, Chennai - TNPCB",Chennai,15M,9,2017,2025,success
site_5092,"Manali Village, Chennai - TNPCB",Chennai,15M,9,2017,2025,success
site_5363,"Perungudi, Chennai - TNPCB",Chennai,15M,9,2017,2025,success
site_5364,"Royapuram, Chennai - TNPCB",Chennai,15M,9,2017,2025,success
site_288,"Velachery Res. Area, Chennai - CPCB",Chennai,15M,17,2009,2025,success
site_5788,"MIDC Chilkalthana, Aurangabad - MPCB",Chhatrapati Sambhajinagar,15M,4,2017,2025,success
site_5789,"Rachnakar Colony, Aurangabad - MPCB",Chhatrapati Sambhajinagar,15M,4,2017,2025,success
site_295,"MIDC Khutala, Chandrapur - MPCB",Chichala,15M,10,2016,2025,success
site_1557,"Chikkaballapur Rural, Chikkaballapur - KSPCB",Chikkaballapur,15M,9,2017,2025,success
site_5265,"Kalyana Nagara, Chikkamagaluru - KSPCB",Chikkamagaluru,15M,9,2017,2025,success
site_5665,"Gangineni Cheruvu, Chittoor - APPCB",Chittoor,15M,6,2017,2025,success
site_5712,"Shastri Nagar, Chittorgarh - RSPCB",Chittorgarh,15M,4,2017,2025,success
site_5699,"Subash Chowk, Churu - RSPCB",Churu,15M,4,2017,2025,success
site_5623,"PSG College of Arts and Science, Coimbatore - TNPCB",Coimbatore,15M,9,2017,2025,success
site_5094,"SIDCO Kurichi, Coimbatore - TNPCB",Coimbatore,15M,9,2017,2025,success
site_5941,"CDA Area, Cuttack - OSPCB",Cuttack,15M,3,2023,2025,success
site_5040,"Shrivastav Colony, Damoh - MPPCB",Damoh,15M,9,2017,2025,success
site_5477,"Town Hall - Lal Bagh, Darbhanga - BSPCB",Darbhanga,15M,9,2017,2025,success
site_5713,"Khatikan Mohalla, Dausa - RSPCB",Dausa,15M,4,2017,2025,success
site_5422,"Devaraj Urs Badavane, Davanagere - KSPCB",Davangere,15M,9,2017,2025,success
site_5594,"Doon University, Dehradun - UKPCB",Dehradun,15M,9,2017,2025,success
site_5024,"Alipur, Delhi - DPCC",Delhi,15M,9,2017,2025,success
site_301,"Anand Vihar, Delhi - DPCC",Delhi,15M,17,2009,2025,success
site_1420,"Ashok Vihar, Delhi - DPCC",Delhi,15M,9,2017,2025,success
site_1560,"Bawana, Delhi - DPCC",Delhi,15M,9,2017,2025,success
site_104,"Burari Crossing, Delhi - IITM",Delhi,15M,9,2017,2025,success
site_5393,"Chandni Chowk, Delhi - IITM",Delhi,15M,9,2017,2025,success
site_1422,"Dwarka-Sector 8, Delhi - DPCC",Delhi,15M,0,,,success
site_1423,"Jahangirpuri, Delhi - DPCC",Delhi,15M,9,2017,2025,success
site_6077,"NSUT Jaffarpur, Delhi - DPCC",Delhi,15M,0,,,success
site_1427,"Najafgarh, Delhi - DPCC",Delhi,15M,9,2017,2025,success
site_1426,"Narela, Delhi - DPCC",Delhi,15M,9,2017,2025,success
site_1431,"Patparganj, Delhi - DPCC",Delhi,15M,9,2017,2025,success
site_125,"Punjabi Bagh, Delhi - DPCC",Delhi,15M,17,2009,2025,success
site_1563,"Pusa, Delhi - DPCC",Delhi,15M,9,2017,2025,success
site_1430,"Rohini, Delhi - DPCC",Delhi,15M,9,2017,2025,success
site_1434,"Wazirpur, Delhi - DPCC",Delhi,15M,9,2017,2025,success
site_1404,"Bhopal Chauraha, Dewas - MPPCB",Dewas,15M,9,2017,2025,success
site_6094,"Pali Dungra, Mathura - UPPCB",Dhakpura,15M,0,,,success
site_5827,"Kalakusuma, Dhanbad - DMC",Dhanbad,15M,4,2017,2025,success
site_5710,"Sardar Patel Nagar, Dhanbad - JSPCB",Dhanbad,15M,4,2017,2025,success
site_5044,"Municipal Corporation Office, Dharuhera -  HSPCB",Dharuhera,15M,9,2017,2025,success
site_5718,"Dhoinda, Rajsamand - RSPCB",Dhoinda,15M,4,2017,2025,success
site_5700,"Raja Ganj, Dholpur - RSPCB",Dholpur,15M,4,2017,2025,success
site_5801,"Deopur, Dhule - MPCB",Dhule,15M,4,2017,2025,success
site_5608,"Mendonsa Colony, Dindigul - TNPCB",Dindigul,15M,9,2017,2025,success
site_5250,"Gole Bazar, Katni - MPPCB",Diwari,15M,9,2017,2025,success
site_5850,"Bhoiwada, Dungarpur - RSPCB",Dungarpur,15M,3,2023,2025,success
site_6008,"Mahishkapur Road_B-Zone, Durgapur - WBPCB",Durgapur,15M,2,2024,2025,success
site_5983,"PCBL Residential Complex, Durgapur - WBPCB",Durgapur,15M,2,2024,2025,success
site_299,"Womens College_City Center, Durgapur - WBPCB",Durgapur,15M,0,,,success
site_6086,"District Court, Eluru - APPCB",Eluru,15M,0,,,success
site_5618,"Gandhi Nagar_Ennore, Chennai - TNPCB",Ennore,15M,9,2017,2025,success
site_5105,"Udyogamandal, Eloor - Kerala PCB",Ernakulam,15M,9,2017,2025,success
site_5270,"Vyttila, Kochi - Kerala PCB",Ernakulam,15M,9,2017,2025,success
site_5128,"Gomti Nagar, Lucknow - UPPCB",Ext,15M,9,2017,2025,success
site_5060,"Nathu Colony, Ballabgarh - HSPCB",Faridabad,15M,9,2017,2025,success
site_5340,"New Industrial Town, Faridabad - HSPCB",Faridabad,15M,9,2017,2025,success
site_5342,"Sector 11, Faridabad - HSPCB",Faridabad,15M,9,2017,2025,success
site_5341,"Sector 30, Faridabad - HSPCB",Faridabad,15M,9,2017,2025,success
site_263,"Sector- 16A, Faridabad - HSPCB",Faridabad,15M,17,2009,2025,success
site_5054,"Huda Sector, Fatehabad - HSPCB",Fatehabad,15M,9,2017,2025,success
site_255,"RIMT University, Mandi Gobindgarh - PPCB",Fatehgarh Sahib,15M,9,2017,2025,success
site_6096,"Dadupura, Fatehpur Sikri - UPPCB",Fatehpur Sikri,15M,0,,,success
site_5480,"Nagla Bhau, Firozabad - UPPCB",Firozabad,15M,9,2017,2025,success
site_5584,"Vibhab Nagar, Firozabad - UPPCB",Firozabad,15M,9,2017,2025,success
site_5419,"Panchal Nagar, Gadag - KSPCB",Gadag-Betageri,15M,9,2017,2025,success
site_5458,"GIFT City, Gandhinagar - IITM",Gandhinagar,15M,9,2017,2025,success
site_5066,"Sector-10, Gandhinagar - GPCB",Gandhinagar,15M,9,2017,2025,success
site_5590,"Zero Point GICI, Gangtok - SSPCB",Gangtok,15M,9,2017,2025,success
site_159,"Collectorate, Gaya - BSPCB",Gaya,15M,11,2015,2025,success
site_5548,"Kareemganj, Gaya - BSPCB",Gaya,15M,9,2017,2025,success
site_5657,"Urja Nagar, Korba - CECB",Gevra,15M,9,2017,2025,success
site_6088,"Govindpuram, Ghaziabad - UPPCB",Ghaziabad,15M,0,,,success
site_5082,"Indirapuram, Ghaziabad - UPPCB",Ghaziabad,15M,9,2017,2025,success
site_5083,"Loni, Ghaziabad - UPPCB",Ghaziabad,15M,9,2017,2025,success
site_5081,"Sanjay Nagar, Ghaziabad - UPPCB",Ghaziabad,15M,9,2017,2025,success
site_144,"Vasundhara, Ghaziabad - UPPCB",Ghaziabad,15M,9,2017,2025,success
site_6091,"Ved Vihar-Loni, Ghaziabad - UPPCB",Ghaziabad,15M,0,,,success
site_5472,"Madan Mohan Malaviya University of Technology, Gorakhpur - UPPCB",Gorakhpur,15M,9,2017,2025,success
site_5549,"Mariam Nagar, Purnia - BSPCB",Goshaingaon,15M,9,2017,2025,success
site_5121,"Knowledge Park - V, Greater Noida - UPPCB",Greater Noida,15M,9,2017,2025,success
site_6084,"Rajendra Nagar North, Guntur - APPCB",Guntur,15M,0,,,success
site_6011,"Amity University, Panchgaon - IITM",Gurugram,15M,1,2025,2025,success
site_108,"Aya Nagar, Delhi - IITM",Gurugram,15M,9,2017,2025,success
site_5025,"NISE Gwal Pahari, Gurugram - IITM",Gurugram,15M,9,2017,2025,success
site_5039,"Sector-2 IMT, Manesar - HSPCB",Gurugram,15M,9,2017,2025,success
site_5345,"Sector-51, Gurugram - HSPCB",Gurugram,15M,9,2017,2025,success
site_146,"Vikas Sadan, Gurugram - HSPCB",Gurugram,15M,9,2017,2025,success
site_5651,"IITG, Guwahati - PCBA",Guwahati,15M,9,2017,2025,success
site_5683,"LGBI Airport, Guwahati - PCBA",Guwahati,15M,6,2017,2025,success
site_5417,"Pan Bazaar, Guwahati - PCBA",Guwahati,15M,9,2017,2025,success
site_5073,"Railway Colony, Guwahati - PCBA",Guwahati,15M,9,2017,2025,success
site_5273,"City Center, Gwalior - MPPCB",Gwalior,15M,9,2017,2025,success
site_5667,"Deen Dayal Nagar, Gwalior - MPPCB",Gwalior,15M,6,2017,2025,success
site_5661,"Maharaj Bada, Gwalior - MPPCB",Gwalior,15M,9,2017,2025,success
site_5275,"Phool Bagh, Gwalior - Mondelez Ind. Food",Gwalior,15M,9,2017,2025,success
site_5337,"Industrial Area, Hajipur - BSPCB",Hajipur Industrial Area,15M,9,2017,2025,success
site_300,"Priyambada Housing Estate, Haldia - WBPCB",Haldia,15M,6,2015,2025,success
site_5255,"Vijay Nagar, Ramanagara - KSPCB",Hallimala,15M,9,2017,2025,success
site_5715,"Housing Board, Hanumangarh - RSPCB",Hanumangarh,15M,4,2017,2025,success
site_5023,"Anand Vihar, Hapur - UPPCB",Hapur,15M,9,2017,2025,success
site_5448,"B.Katihalli, Hassan - KSPCB",Hassan,15M,9,2017,2025,success
site_5687,"Fertilizer Township, Rourkela - OSPCB",Hatibandha,15M,6,2017,2025,success
site_5420,"Ashwini Nagar, Haveri - KSPCB",Haveri,15M,9,2017,2025,success
site_6072,"Ashta Vinayak Nagar, Hingoli - MPCB",Hingoli,15M,0,,,success
site_5057,"Urban Estate-II, Hisar - HSPCB",Hisar,15M,9,2017,2025,success
site_5612,"SIPCOT Phase-1, Hosur - TNPCB",Hosur,15M,9,2017,2025,success
site_5101,"Belur Math, Howrah - WBPCB",Howrah,15M,9,2017,2025,success
site_5989,"Botanical Garden, Howrah - WBPCB",Howrah,15M,2,2024,2025,success
site_6009,"Dasnagar, Howrah - WBPCB",Howrah,15M,2,2024,2025,success
site_274,"Ghusuri, Howrah - WBPCB",Howrah,15M,10,2016,2025,success
site_1416,"Padmapukur, Howrah - WBPCB",Howrah,15M,9,2017,2025,success
site_1447,"Deshpande Nagar, Hubballi - KSPCB",Hubballi,15M,9,2017,2025,success
site_5638,"Kalabhavan, Dharwad - KSPCB",Hubballi,15M,9,2017,2025,success
site_5680,"Lingaraj Nagar, Hubballi - KSPCB",Hubballi,15M,6,2017,2025,success
site_199,"Bollaram Industrial Area, Hyderabad - TSPCB",Hyderabad,15M,9,2017,2025,success
site_262,"Central University, Hyderabad - TSPCB",Hyderabad,15M,9,2017,2025,success
site_275,"IDA Pashamylaram, Hyderabad - TSPCB",Hyderabad,15M,10,2016,2025,success
site_5604,"Kokapet, Hyderabad - TSPCB",Hyderabad,15M,9,2017,2025,success
site_5599,"Kompally Municipal Office, Hyderabad - TSPCB",Hyderabad,15M,9,2017,2025,success
site_5595,"New Malakpet, Hyderabad - TSPCB",Hyderabad,15M,9,2017,2025,success
site_5602,"Ramachandrapuram, Hyderabad - TSPCB",Hyderabad,15M,9,2017,2025,success
site_294,"Sanathnagar, Hyderabad - TSPCB",Hyderabad,15M,17,2009,2025,success
site_5598,"Somajiguda, Hyderabad - TSPCB",Hyderabad,15M,9,2017,2025,success
site_298,"Zoo Park, Hyderabad - TSPCB",Hyderabad,15M,11,2015,2025,success
site_5592,"DM College of Science, Imphal - Manipur PCB",Imphal,15M,9,2017,2025,success
site_5857,"Airport Area, Indore - IMC",Indore,15M,3,2023,2025,success
site_5856,"Maguda Nagar, Indore - IMC",Indore,15M,3,2023,2025,success
site_5855,"Regional Park, Indore - IMC",Indore,15M,3,2023,2025,success
site_5854,"Residency Area, Indore - IMC",Indore,15M,3,2023,2025,success
site_5709,"Vijay Nagar Scheme-78, Indore - Glenmark",Indore,15M,4,2017,2025,success
site_5965,"Govindh Bhavan Colony, Jabalpur - JMC",Jabalpur,15M,3,2023,2025,success
site_5817,"Gupteshwar, Jabalpur - JMC",Jabalpur,15M,4,2017,2025,success
site_5249,"Marhatal, Jabalpur - MPPCB",Jabalpur,15M,9,2017,2025,success
site_1393,"Adarsh Nagar, Jaipur - RSPCB",Jaipur,15M,9,2017,2025,success
site_5725,"Mansarovar Sector-12, Jaipur - RSPCB",Jaipur,15M,4,2017,2025,success
site_134,"Police Commissionerate, Jaipur - RSPCB",Jaipur,15M,9,2017,2025,success
site_5728,"RIICO Sitapura, Jaipur - RSPCB",Jaipur,15M,4,2017,2025,success
site_5727,"Sector-2 Murlipura, Jaipur - RSPCB",Jaipur,15M,4,2017,2025,success
site_1396,"Shastri Nagar, Jaipur - RSPCB",Jaipur,15M,9,2017,2025,success
site_5772,"Sadar Bazar, Jaisalmer - RSPCB",Jaisalmer,15M,4,2017,2025,success
site_1438,"Civil Line, Jalandhar - PPCB",Jalandhar,15M,9,2017,2025,success
site_5790,"Prabhat Colony, Jalgaon - MPCB",Jalgaon,15M,4,2017,2025,success
site_5791,"Old MIDC, Jalna - MPCB",Jalna,15M,4,2017,2025,success
site_5851,"Mudtra Sili, Jalore - RSPCB",Jalore,15M,3,2023,2025,success
site_5937,"Kalidaspur, Balasore - OSPCB",Januganj,15M,3,2023,2025,success
site_1401,"Suryakiran Bhawan NCL, Singrauli - MPPCB",Jayant,15M,9,2017,2025,success
site_5724,"Rajlaxmi Nagar, Jhalawar - RSPCB",Jhalawar,15M,4,2017,2025,success
site_5583,"Shivaji Nagar, Jhansi - UPPCB",Jhansi,15M,9,2017,2025,success
site_5717,"Indra Nagar, Jhunjhunu - RSPCB",Jhunjhunu,15M,4,2017,2025,success
site_5729,"Jigani, Bengaluru - KSPCB",Jigani,15M,4,2017,2025,success
site_5056,"Police Lines, Jind - HSPCB",Jind,15M,9,2017,2025,success
site_136,"Collectorate, Jodhpur - RSPCB",Jodhpur,15M,11,2015,2025,success
site_5726,"Digari Kalan, Jodhpur - RSPCB",Jodhpur,15M,4,2017,2025,success
site_5773,"Mandor, Jodhpur - RSPCB",Jodhpur,15M,4,2017,2025,success
site_5694,"Samrat Ashok Udhyan, Jodhpur - RSPCB",Jodhpur,15M,6,2017,2025,success
site_254,"Tata Stadium, Jorapokhar - JSPCB",Jorapokhar,15M,9,2017,2025,success
site_5693,"Yerramukkapalli, Kadapa - APPCB",Kadapa,15M,6,2017,2025,success
site_5072,"Rishi Nagar, Kaithal - HSPCB",Kaithal,15M,9,2017,2025,success
site_1565,"Lal Bahadur Shastri Nagar, Kalaburagi - KSPCB",Kalaburagi,15M,9,2017,2025,success
site_5679,"Mahatma Basaveswar Colony, Kalaburgi - KSPCB",Kalaburagi,15M,6,2017,2025,success
site_6082,"Kalu Nagar, Dombivli - MPCB",Kalyan,15M,0,,,success
site_5118,"Khadakpada, Kalyan - MPCB",Kalyan,15M,9,2017,2025,success
site_5783,"Kamble Tarf Birwadi, Mahad - MPCB",Kamble Tarf Birwadi,15M,4,2017,2025,success
site_5276,"Thavakkara, Kannur - Kerala PCB",Kannur,15M,9,2017,2025,success
site_5500,"FTI Kidwai Nagar, Kanpur - UPPCB",Kanpur,15M,9,2017,2025,success
site_5416,"IITK, Kanpur - IITK",Kanpur,15M,8,2017,2025,success
site_5474,"NSI Kalyanpur, Kanpur - UPPCB",Kanpur,15M,9,2017,2025,success
site_276,"Nehru Nagar, Kanpur - UPPCB",Kanpur,15M,17,2009,2025,success
site_5723,"Satyawati Vihar, Karauli - RSPCB",Karauli,15M,4,2017,2025,success
site_5125,"Hebbal 1st Stage, Mysuru - KSPCB",KarimuddanaHalli,15M,9,2017,2025,success
site_5049,"Sector-12, Karnal - HSPCB",Karnal,15M,9,2017,2025,success
site_5627,"Kamadenu Nagar, Karur - TNPCB",Karur,15M,9,2017,2025,success
site_5853,"KHB Colony, Karwar - KSPCB",Karwar,15M,3,2023,2025,success
site_5704,"Govt. Girls Inter College, Kashipur - UKPCB",Kashipur,15M,4,2017,2025,success
site_5546,"Mirchaibari, Katihar - BSPCB",Katihar,15M,9,2017,2025,success
site_5606,"Keelapalur, Ariyalur - TNPCB",Keezhapalur,15M,9,2017,2025,success
site_5674,"Dabuna, Nayagarh - OSPCB",Keonjhar,15M,6,2017,2025,success
site_5671,"Jagamohanpur, Keonjhar - OSPCB",Keonjhar,15M,6,2017,2025,success
site_5809,"Khaira, Boisar - MPCB",Khaira,15M,4,2017,2025,success
site_6090,"New Anaj Mandi, Khairthal - RSPCB",Khairthal,15M,0,,,success
site_5691,"Govt. Higher Secondary School, Milupara - CECB",Khamahari,15M,6,2017,2025,success
site_5547,"SDM Office_Khagra, Kishanganj - BSPCB",Kishanganj,15M,9,2017,2025,success
site_5272,"Kacheripady, Ernakulam - Kerala PCB",Kochi,15M,8,2017,2025,success
site_1397,"Ashok Nagar, Udaipur - RSPCB",Kodiyat,15M,9,2017,2025,success
site_5375,"PWD Junction, Kohima - NPCB",Kohima,15M,1,2025,2025,success
site_1551,"Tamaka Ind. Area, Kolar - KSPCB",Kolar,15M,9,2017,2025,success
site_5768,"Shivaji University, Kolhapur - MPCB",Kolhapur,15M,4,2017,2025,success
site_5769,"Sinchan Bhavan, Kolhapur - MPCB",Kolhapur,15M,4,2017,2025,success
site_5238,"Ballygunge, Kolkata - WBPCB",Kolkata,15M,9,2017,2025,success
site_5129,"Bidhannagar, Kolkata - WBPCB",Kolkata,15M,9,2017,2025,success
site_5110,"Fort William, Kolkata - WBPCB",Kolkata,15M,9,2017,2025,success
site_5111,"Jadavpur, Kolkata - WBPCB",Kolkata,15M,9,2017,2025,success
site_296,"Rabindra Bharati University, Kolkata - WBPCB",Kolkata,15M,10,2016,2025,success
site_5126,"Rabindra Sarobar, Kolkata - WBPCB",Kolkata,15M,9,2017,2025,success
site_309,"Victoria, Kolkata - WBPCB",Kolkata,15M,10,2016,2025,success
site_5334,"Polayathode, Kollam - Kerala PCB",Kollam,15M,9,2017,2025,success
site_5979,"Collectorate Office, Virudhunagar - TNPCB",Kooraikundu,15M,3,2023,2025,success
site_5415,"Diwator Nagar, Koppal - KSPCB",Koppal,15M,9,2017,2025,success
site_5656,"Rampur, Korba - CECB",Korba,15M,9,2017,2025,success
site_5707,"Dhanmandi, Kota - RSPCB",Kota,15M,4,2017,2025,success
site_5701,"Nayapura, Kota - RSPCB",Kota,15M,4,2017,2025,success
site_1394,"Shrinath Puram, Kota - RSPCB",Kota,15M,9,2017,2025,success
site_5271,"Palayam, Kozhikode - Kerala PCB",Kozhikode,15M,9,2017,2025,success
site_1410,"GM Office, Brajrajnagar - OSPCB",Kudaloi,15M,9,2017,2025,success
site_5690,"OP Jindal School, Kunjemura - CECB",Kunjemura,15M,6,2017,2025,success
site_5043,"Sector-7, Kurukshetra - HSPCB",Kurukshetra,15M,9,2017,2025,success
site_5338,"SFTI Kusdihra, Gaya - BSPCB",Kusdihra,15M,9,2017,2025,success
site_5780,"Sawe Wadi, Latur - MPCB",Latur,15M,4,2017,2025,success
site_5460,"B R Ambedkar University, Lucknow - UPPCB",Lucknow,15M,9,2017,2025,success
site_272,"Kendriya Vidyalaya, Lucknow - CPCB",Lucknow,15M,14,2009,2025,success
site_5462,"Kukrail Picnic Spot-1, Lucknow - UPPCB",Lucknow,15M,9,2017,2025,success
site_277,"Lalbagh, Lucknow - CPCB",Lucknow,15M,17,2009,2025,success
site_1405,"Nishant Ganj, Lucknow - UPPCB",Lucknow,15M,9,2017,2025,success
site_297,"Talkatora District Industries Center, Lucknow - CPCB",Lucknow,15M,17,2009,2025,success
site_253,"Punjab Agricultural University, Ludhiana - PPCB",Ludhiana,15M,9,2017,2025,success
site_1450,"Kalal Majra, Khanna - PPCB",Machhiwara Sahib,15M,9,2017,2025,success
site_6085,"Srinivas Nagar Colony, Machilipatnam - APPCB",Machilipatnam Rural,15M,0,,,success
site_5391,"Stuart Hill, Madikeri - KSPCB",Madikeri,15M,9,2017,2025,success
site_5550,"Forest Rest House, Manguraha - BSPCB",Maguraha,15M,9,2017,2025,success
site_5802,"Mahesh Nagar, Malegaon - MPCB",Malegaon,15M,4,2017,2025,success
site_5055,"General Hospital, Mandikhera(Nuh) - HSPCB",Mandikhera,15M,1,2025,2025,success
site_5421,"Kadri, Mangalore - KSPCB",Mangaluru,15M,9,2017,2025,success
site_5258,"Ganga Nagar, Meerut - UPPCB",Meerut,15M,9,2017,2025,success
site_5109,"Jai Bhim Nagar, Meerut - UPPCB",Meerut,15M,9,2017,2025,success
site_6093,"MIET College, Meerut - UPPCB",Meerut,15M,0,,,success
site_5257,"Pallavpuram Phase 2, Meerut - UPPCB",Meerut,15M,9,2017,2025,success
site_5603,"Kalindi Kunj, Khurja - UPPCB",Meerut Division,15M,9,2017,2025,success
site_1569,"New Collectorate, Baghpat - UPPCB",Meerut Division,15M,9,2017,2025,success
site_6067,"Sadanand Nagar, Mehsana - Nexteng Enviro",Mehsana,15M,0,,,success
site_5619,"Kilambi, Kanchipuram - TNPCB",Melambi,15M,9,2017,2025,success
site_5248,"Chhoti Gwaltoli, Indore - MPPCB",Mewasjamniya,15M,9,2017,2025,success
site_5806,"Bhayandar West, Mira-Bhayandar - MPCB",Mira Bhayandar,15M,4,2017,2025,success
site_5554,"Buddhi Vihar, Moradabad - UPPCB",Moradabad,15M,9,2017,2025,success
site_5537,"Employment Office, Moradabad - UPPCB",Moradabad,15M,9,2017,2025,success
site_5555,"Jigar Colony, Moradabad - UPPCB",Moradabad,15M,9,2017,2025,success
site_5620,"Kashiram Nagar, Moradabad - UPPCB",Moradabad,15M,9,2017,2025,success
site_1398,"Lajpat Nagar, Moradabad - UPPCB",Moradabad,15M,9,2017,2025,success
site_5613,"Transport Nagar, Moradabad - UPPCB",Moradabad,15M,9,2017,2025,success
site_5478,"Gandak Colony, Motihari - BSPCB",Motihari,15M,9,2017,2025,success
site_5124,"Urban, Chamarajanagar - KSPCB",Mudumalai,15M,9,2017,2025,success
site_5392,"Bandra Kurla Complex, Mumbai - IITM",Mumbai,15M,9,2017,2025,success
site_5810,"Bandra Kurla Complex, Mumbai - MPCB",Mumbai,15M,4,2017,2025,success
site_168,"Bandra, Mumbai - MPCB",Mumbai,15M,11,2015,2025,success
site_5400,"Borivali East, Mumbai - IITM",Mumbai,15M,9,2017,2025,success
site_5113,"Borivali East, Mumbai - MPCB",Mumbai,15M,9,2017,2025,success
site_5960,"Byculla, Mumbai - BMC",Mumbai,15M,3,2023,2025,success
site_5399,"Chakala-Andheri East, Mumbai - IITM",Mumbai,15M,9,2017,2025,success
site_5811,"Chembur, Mumbai - MPCB",Mumbai,15M,4,2017,2025,success
site_5107,"Chhatrapati Shivaji Intl. Airport (T2), Mumbai - MPCB",Mumbai,15M,9,2017,2025,success
site_5120,"Colaba, Mumbai - MPCB",Mumbai,15M,9,2017,2025,success
site_5396,"Deonar, Mumbai - IITM",Mumbai,15M,9,2017,2025,success
site_5964,"Ghatkopar, Mumbai - BMC",Mumbai,15M,3,2023,2025,success
site_5412,"Kandivali East, Mumbai - MPCB",Mumbai,15M,9,2017,2025,success
site_5962,"Kandivali West, Mumbai - BMC",Mumbai,15M,3,2023,2025,success
site_5397,"Khindipada-Bhandup West, Mumbai - IITM",Mumbai,15M,9,2017,2025,success
site_5104,"Kurla, Mumbai - MPCB",Mumbai,15M,9,2017,2025,success
site_5402,"Malad West, Mumbai - IITM",Mumbai,15M,9,2017,2025,success
site_5394,"Mazgaon, Mumbai - IITM",Mumbai,15M,9,2017,2025,success
site_5807,"Mindspace-Malad West, Mumbai - MPCB",Mumbai,15M,4,2017,2025,success
site_5413,"Mulund West, Mumbai - MPCB",Mumbai,15M,9,2017,2025,success
site_5398,"Navy Nagar-Colaba, Mumbai - IITM",Mumbai,15M,9,2017,2025,success
site_5112,"Powai, Mumbai - MPCB",Mumbai,15M,9,2017,2025,success
site_5963,"Sewri, Mumbai - BMC",Mumbai,15M,3,2023,2025,success
site_5961,"Shivaji Nagar, Mumbai - BMC",Mumbai,15M,3,2023,2025,success
site_5403,"Siddharth Nagar-Worli, Mumbai - IITM",Mumbai,15M,9,2017,2025,success
site_5119,"Sion, Mumbai - MPCB",Mumbai,15M,9,2017,2025,success
site_5106,"Vile Parle West, Mumbai - MPCB",Mumbai,15M,9,2017,2025,success
site_5115,"Worli, Mumbai -MPCB",Mumbai,15M,0,,,success
site_5490,"Town Hall, Munger - BSPCB",Munger,15M,9,2017,2025,success
site_5041,"Murthal, Sonipat - HSPCB",Murthal,15M,9,2017,2025,success
site_1550,"New Mandi, Muzaffarnagar - UPPCB",Muzaffarnagar,15M,9,2017,2025,success
site_5370,"Buddha Colony, Muzaffarpur - BSPCB",Muzaffarpur,15M,9,2017,2025,success
site_5479,"MIT-Daudpur Kothi, Muzaffarpur - BSPCB",Muzaffarpur,15M,9,2017,2025,success
site_158,"Muzaffarpur Collectorate, Muzaffarpur - BSPCB",Muzaffarpur,15M,11,2015,2025,success
site_5706,"Christianpatty, Nagaon - PCBA",Nagaon,15M,4,2017,2025,success
site_5616,"Velippalayam, Nagapattinam - TNPCB",Nagapattinam,15M,9,2017,2025,success
site_5778,"Karni Colony, Nagaur - RSPCB",Nagaur,15M,4,2017,2025,success
site_5792,"Ambazari, Nagpur - MPCB",Nagpur,15M,4,2017,2025,success
site_5796,"Mahal, Nagpur - MPCB",Nagpur,15M,4,2017,2025,success
site_303,"Opp GPO Civil Lines, Nagpur - MPCB",Nagpur,15M,10,2016,2025,success
site_5793,"Ram Nagar, Nagpur - MPCB",Nagpur,15M,4,2017,2025,success
site_5446,"Naharlagun, Naharlagun - APSPCB",Naharlagun,15M,9,2017,2025,success
site_5668,"Bata Chowk, Nalbari - PCBA",Nalbari,15M,6,2017,2025,success
site_5795,"Sneh Nagar, Nanded - MPCB",Nanded,15M,4,2017,2025,success
site_5053,"Shastri Nagar, Narnaul - HSPCB",Narnaul,15M,9,2017,2025,success
site_304,"Gangapur Road, Nashik - MPCB",Nashik,15M,10,2016,2025,success
site_5782,"Hirawadi, Nashik - MPCB",Nashik,15M,4,2017,2025,success
site_5781,"MIDC Ambad, Nashik - MPCB",Nashik,15M,4,2017,2025,success
site_5779,"Pandav Nagari, Nashik - MPCB",Nashik,15M,4,2017,2025,success
site_5978,"SIPCOT Nathampannai, Pudukottai - TNPCB",Nathampannai,15M,3,2023,2025,success
site_261,"Airoli, Navi Mumbai - MPCB",Navi Mumbai,15M,17,2009,2025,success
site_5804,"CBD Belapur, Belapur - MPCB",Navi Mumbai,15M,4,2017,2025,success
site_5805,"Kopripada-Vashi, Navi Mumbai - MPCB",Navi Mumbai,15M,4,2017,2025,success
site_5114,"Mahape, Navi Mumbai - MPCB",Navi Mumbai,15M,9,2017,2025,success
site_5103,"Nerul, Navi Mumbai - MPCB",Navi Mumbai,15M,9,2017,2025,success
site_5815,"Sanpada, Navi Mumbai - MPCB",Navi Mumbai,15M,4,2017,2025,success
site_5401,"Sector-19A Nerul, Navi Mumbai - IITM",Navi Mumbai,15M,9,2017,2025,success
site_6087,"Ambedkar Nagar, Nellore - APPCB",Nellore,15M,0,,,success
site_103,"CRRI Mathura Road, Delhi - IITM",New Delhi,15M,9,2017,2025,success
site_6078,"Cantonment Area, Delhi - DPCC",New Delhi,15M,0,,,success
site_6079,"Commonwealth Sports Complex, Delhi - DPCC",New Delhi,15M,0,,,success
site_118,"DTU, Delhi - CPCB",New Delhi,15M,17,2009,2025,success
site_1421,"Dr. Karni Singh Shooting Range, Delhi - DPCC",New Delhi,15M,9,2017,2025,success
site_106,"IGI Airport (T3), Delhi - IITM",New Delhi,15M,9,2017,2025,success
site_6080,"IGNOU_Maidan Garhi, Delhi - DPCC",New Delhi,15M,0,,,success
site_114,"IHBAS, Dilshad Garden, Delhi - CPCB",New Delhi,15M,17,2009,2025,success
site_6060,"IIT Delhi, Delhi - IITM",New Delhi,15M,1,2025,2025,success
site_109,"IMD Lodhi Road, Delhi - IITM",New Delhi,15M,9,2017,2025,success
site_117,"ITO, Delhi - CPCB",New Delhi,15M,17,2009,2025,success
site_6076,"JNU, Delhi - DPCC",New Delhi,15M,0,,,success
site_1424,"Jawaharlal Nehru Stadium, Delhi - DPCC",New Delhi,15M,9,2017,2025,success
site_5395,"Lodhi Road, Delhi - IITM",New Delhi,15M,9,2017,2025,success
site_1425,"Major Dhyan Chand National Stadium, Delhi - DPCC",New Delhi,15M,9,2017,2025,success
site_122,"Mandir Marg, Delhi - DPCC",New Delhi,15M,17,2009,2025,success
site_1561,"Mundka, Delhi - DPCC",New Delhi,15M,9,2017,2025,success
site_115,"NSIT Dwarka, Delhi - CPCB",New Delhi,15M,17,2009,2025,success
site_1429,"Nehru Nagar, Delhi - DPCC",New Delhi,15M,9,2017,2025,success
site_5852,"New Moti Bagh, Delhi - MHUA",New Delhi,15M,2,2023,2025,success
site_105,"North Campus, DU, Delhi - IITM",New Delhi,15M,9,2017,2025,success
site_1428,"Okhla Phase-2, Delhi - DPCC",New Delhi,15M,9,2017,2025,success
site_107,"Pusa, Delhi - IITM",New Delhi,15M,9,2017,2025,success
site_124,"R K Puram, Delhi - DPCC",New Delhi,15M,17,2009,2025,success
site_113,"Shadipur, Delhi - CPCB",New Delhi,15M,17,2009,2025,success
site_119,"Sirifort, Delhi - CPCB",New Delhi,15M,17,2009,2025,success
site_1432,"Sonia Vihar, Delhi - DPCC",New Delhi,15M,9,2017,2025,success
site_1562,"Sri Aurobindo Marg, Delhi - DPCC",New Delhi,15M,9,2017,2025,success
site_6081,"Talkatora Garden, Delhi - DPCC",New Delhi,15M,0,,,success
site_1435,"Vivek Vihar, Delhi - DPCC",New Delhi,15M,9,2017,2025,success
site_5614,"Uchapatti, Madurai - TNPCB",Nilaiyur,15M,9,2017,2025,success
site_1541,"Knowledge Park - III, Greater Noida - UPPCB",Noida,15M,9,2017,2025,success
site_6089,"Prashant Garden, Khora - UPPCB",Noida,15M,0,,,success
site_153,"Sector - 125, Noida - UPPCB",Noida,15M,9,2017,2025,success
site_111,"Sector - 62, Noida - IITM",Noida,15M,9,2017,2025,success
site_5123,"Sector-1, Noida - UPPCB",Noida,15M,9,2017,2025,success
site_5122,"Sector-116, Noida - UPPCB",Noida,15M,9,2017,2025,success
site_5624,"Bombay Castel, Ooty - TNPCB",Ooty,15M,9,2017,2025,success
site_5621,"Kudikadu, Cuddalore - TNPCB",Pachchyankuppam,15M,9,2017,2025,success
site_1395,"Indira Colony Vistar, Pali - RSPCB",Pali,15M,9,2017,2025,success
site_5050,"Shyam Nagar, Palwal - HSPCB",Palwal,15M,9,2017,2025,success
site_161,"Sector-6, Panchkula - HSPCB",Panchkula,15M,2,2015,2016,success
site_5048,"Sector-18, Panipat - HSPCB",Panipat,15M,9,2017,2025,success
site_5799,"Sector-2E Kalamboli, Navi Mumbai - MPCB",Panvel,15M,4,2017,2025,success
site_5803,"Tondare-Taloja, Navi Mumbai - MPCB",Panvel,15M,4,2017,2025,success
site_5362,"Anthoni Pillai Nagar, Gummidipoondi - TNPCB",Pappankuppam,15M,9,2017,2025,success
site_6032,"Ponnusamy Nagar, Namakkal - TNPCB",Pappinayakkanpatti,15M,1,2025,2025,success
site_5794,"Masoom Colony, Parbhani - MPCB",Parbhani,15M,4,2017,2025,success
site_251,"ICRISAT Patancheru, Hyderabad - TSPCB",Patancheruvu,15M,9,2017,2025,success
site_5832,"Mohalbani Ghat, Pathardih - DMC",Pathardih,15M,3,2023,2025,success
site_1437,"Model Town, Patiala - PPCB",Patiala,15M,9,2017,2025,success
site_5336,"DRM Office Danapur, Patna - BSPCB",Patna,15M,9,2017,2025,success
site_5335,"Govt. High School Shikarpur, Patna - BSPCB",Patna,15M,9,2017,2025,success
site_157,"IGSC Planetarium Complex, Patna - BSPCB",Patna,15M,11,2015,2025,success
site_5261,"Muradpur, Patna - BSPCB",Patna,15M,9,2017,2025,success
site_5262,"Rajbansi Nagar, Patna - BSPCB",Patna,15M,9,2017,2025,success
site_5263,"Samanpura, Patna - BSPCB",Patna,15M,9,2017,2025,success
site_5981,"Rajiv Nagar, Vijayawada - APPCB",Payikapuram,15M,2,2024,2025,success
site_5997,"SIPCOT Industrial Park, Perundurai - TNPCB",Perundurai,15M,2,2024,2025,success
site_5406,"Bhosari,Pimpri-Chinchwad - IITM",Pimpri-Chinchwad,15M,0,,,success
site_5988,"Bhumkar Nagar, Pimpri-Chinchwad - IITM",Pimpri-Chinchwad,15M,0,,,success
site_5763,"Gavalinagar, Pimpri Chinchwad - MPCB",Pimpri-Chinchwad,15M,4,2017,2025,success
site_5764,"Park Street Wakad, Pimpri Chinchwad - MPCB",Pimpri-Chinchwad,15M,4,2017,2025,success
site_5998,"Savta Mali Nagar, Pimpri-Chinchwad - IITM",Pimpri-Chinchwad,15M,2,2024,2025,success
site_5765,"Thergaon, Pimpri Chinchwad - MPCB",Pimpri-Chinchwad,15M,4,2017,2025,success
site_5408,"Transport Nagar-Nigdi, Pimpri-Chinchwad- IITM",Pimpri-Chinchwad,15M,0,,,success
site_1402,"Sector-2 Industrial Area, Pithampur - MPPCB",Pithampur,15M,9,2017,2025,success
site_5685,"Kanuru, Vijayawada - APPCB",Poranki,15M,6,2017,2025,success
site_5721,"Pragati Nagar, Pratapgarh - RSPCB",Pratapgarh,15M,4,2017,2025,success
site_5461,"Jhunsi, Prayagraj - UPPCB",Prayagraj,15M,9,2017,2025,success
site_5459,"Motilal Nehru NIT, Prayagraj - UPPCB",Prayagraj,15M,9,2017,2025,success
site_5484,"Nagar Nigam, Prayagraj - UPPCB",Prayagraj,15M,9,2017,2025,success
site_5423,"Jawahar Nagar, Puducherry - PPCC",Puducherry,15M,9,2017,2025,success
site_5405,"Alandi, Pimpri-Chinchwad - IITM",Pune,15M,0,,,success
site_6012,"Dhankawadi, Pune - IITM",Pune,15M,1,2025,2025,success
site_5407,"Hadapsar, Pune - IITM",Pune,15M,9,2017,2025,success
site_292,"Karve Road, Pune - MPCB",Pune,15M,11,2015,2025,success
site_5766,"Katraj Dairy, Pune - MPCB",Pune,15M,4,2017,2025,success
site_5410,"MIT-Kothrud, Pune - IITM",Pune,15M,9,2017,2025,success
site_5404,"Mhada Colony, Pune - IITM",Pune,15M,9,2017,2025,success
site_5996,"Panchawati_Pashan, Pune - IITM",Pune,15M,2,2024,2025,success
site_5409,"Revenue Colony-Shivajinagar, Pune - IITM",Pune,15M,9,2017,2025,success
site_5767,"Savitribai Phule Pune University, Pune - MPCB",Pune,15M,4,2017,2025,success
site_5654,"Krishak Nagar, Raipur - CECB",Purena,15M,9,2017,2025,success
site_6069,"Indira Nagar, Raebareli - NTPC Unchahar",Raebareli,15M,0,,,success
site_5414,"Haji Colony, Raichur - KSPCB",Raichur,15M,9,2017,2025,success
site_5652,"AIIMS, Raipur - CECB",Raipur,15M,9,2017,2025,success
site_5655,"Bhatagaon New ISBT, Raipur - CECB",Raipur,15M,9,2017,2025,success
site_5672,"Divisional Forest Office, Rairangpur - OSPCB",Rairangpur,15M,6,2017,2025,success
site_5269,"Deen Dayal Nagar, Sagar - MPPCB",Rajakhedi,15M,9,2017,2025,success
site_5489,"Dangi Tola, Rajgir - BSPCB",Rajgir,15M,9,2017,2025,success
site_6068,"Mavdi, Rajkot - Nexteng Enviro",Rajkot,15M,0,,,success
site_5625,"Chalai Bazaar, Ramanathapuram - TNPCB",Ramanathapuram,15M,9,2017,2025,success
site_5986,"Mahabir Colliery, Asansol - WBPCB",Raniganj,15M,2,2024,2025,success
site_5995,"Trivenidevi Bhalotia College, Asansol - WBPCB",Raniganj,15M,2,2024,2025,success
site_5617,"VOC Nagar_SIPCOT, Ranipet - TNPCB",Ranipet,15M,9,2017,2025,success
site_1538,"Ratanpura, Rupnagar - Ambuja Cements",Ratanpura,15M,9,2017,2025,success
site_5042,"Shasthri Nagar, Ratlam - IPCA Lab",Ratlam,15M,9,2017,2025,success
site_5597,"IITH Kandi, Hyderabad - TSPCB",Regional,15M,9,2017,2025,success
site_6062,"Khrew, Pampore - JKPCC",Regional,15M,1,2025,2025,success
site_5703,"Shivaji Nagar, Rishikesh - UKPCB",Rishikesh,15M,4,2017,2025,success
site_5482,"Rohta, Agra - UPPCB",Rohta,15M,9,2017,2025,success
site_5675,"Raghunathpali, Rourkela - OSPCB",Rourkela,15M,6,2017,2025,success
site_5688,"Sector-2, Rourkela - OSPCB",Rourkela,15M,6,2017,2025,success
site_6092,"SRM University, Modinagar - UPPCB",Sadabad Jakhaiva,15M,0,,,success
site_5662,"Civil Lines, Sagar - MPPCB",Sagar,15M,9,2017,2025,success
site_5551,"Police Line, Saharsa - BSPCB",Saharsa,15M,9,2017,2025,success
site_5068,"Sahilara, Maihar - KJS Cements",Sahilara,15M,9,2017,2025,success
site_5622,"Sona College of Technology, Salem - TNPCB",Salem,15M,9,2017,2025,success
site_5552,"DM Office_Kasipur, Samastipur - BSPCB",Samastipur,15M,9,2017,2025,success
site_5485,"Dada Peer, Sasaram - BSPCB",Sasaram,15M,9,2017,2025,success
site_147,"MD University, Rohtak - HSPCB",Sasroli,15M,10,2016,2025,success
site_6075,"Koyana Nagar, Satara - MPCB",Satara,15M,0,,,success
site_1433,"Bandhavgar Colony, Satna - Birla Cement",Satna,15M,9,2017,2025,success
site_5716,"Sahu Nagar, Sawai Madhopur - RSPCB",Sawai Madhopur,15M,4,2017,2025,success
site_5596,"ECIL Kapra, Hyderabad - TSPCB",Secunderabad,15M,9,2017,2025,success
site_5600,"Nacharam_TSIIC IALA, Hyderabad - TSPCB",Secunderabad,15M,9,2017,2025,success
site_5611,"Semmandalam, Cuddalore - TNPCB",Semmandalam,15M,9,2017,2025,success
site_5593,"JN Stadium, Shillong - Meghalaya PCB",Shillong,15M,9,2017,2025,success
site_5131,"Lumpyngngad, Shillong - Meghalaya PCB",Shillong,15M,9,2017,2025,success
site_5266,"Vinoba Nagara, Shivamogga - KSPCB",Shivamogga,15M,9,2017,2025,success
site_5673,"Tata Township, Bileipada - OSPCB",Sialijoda,15M,6,2017,2025,success
site_5722,"Radhakishan Pura, Sikar - RSPCB",Sikar,15M,4,2017,2025,success
site_5684,"Tarapur, Silchar - PCBA",Silchar,15M,6,2017,2025,success
site_1419,"Ward-32 Bapupara, Siliguri - WBPCB",Siliguri,15M,9,2017,2025,success
site_5705,"Vedhaynath Colony, Sirohi - RSPCB",Sirohi,15M,4,2017,2025,success
site_5051,"F-Block, Sirsa - HSPCB",Sirsa,15M,9,2017,2025,success
site_5658,"Girls College, Sivasagar - PCBA",Sivasagar,15M,9,2017,2025,success
site_5553,"Chitragupta Nagar, Siwan - BSPCB",Siwan,15M,9,2017,2025,success
site_5777,"Dnyaneshwar Nagar, Solapur - MPCB",Solapur,15M,4,2017,2025,success
site_5776,"Ratandeep Housing Society, Solapur - MPCB",Solapur,15M,4,2017,2025,success
site_302,"Solapur, Solapur - MPCB",Solapur,15M,10,2016,2025,success
site_5669,"Central Academy for SFS, Byrnihat - PCBA",Sonai N.C.,15M,6,2017,2025,success
site_5626,"Bharathidasan University, Palkalaiperur - TNPCB",Sooriyur,15M,9,2017,2025,success
site_5719,"Old City, Sri Ganganagar - RSPCB",Sri Ganganagar,15M,4,2017,2025,success
site_6010,"Police Line, Sri Vijaya Puram - ANPCC",Sri Vijaya Puram,15M,1,2025,2025,success
site_6061,"Khunmoh, Srinagar - JKPCC",Srinagar,15M,1,2025,2025,success
site_5424,"Rajbagh, Srinagar - JKPCC",Srinagar,15M,1,2025,2025,success
site_5676,"OMC Colony, Suakati - OSPCB",Suakati,15M,6,2017,2025,success
site_5816,"Suhagi, Jabalpur - JMC",Suhagi,15M,4,2017,2025,success
site_6066,"Katargam, Surat - Nexteng Enviro",Surat,15M,0,,,success
site_5664,"Science Center, Surat - SMC",Surat,15M,6,2017,2025,success
site_1408,"Talcher Coalfields,Talcher - OSPCB",Talcher,15M,9,2017,2025,success
site_5677,"Barsua Iron Ore Mines, Tensa - OSPCB",Tensa,15M,6,2017,2025,success
site_305,"Pimpleshwar Mandir, Kalyan - MPCB",Thane,15M,2,2016,2025,success
site_5800,"Upvan Fort, Thane - MPCB",Thane,15M,4,2017,2025,success
site_5610,"Parisutham Nagar, Thanjavur - TNPCB",Thanjavur,15M,9,2017,2025,success
site_5331,"Kariavattom, Thiruvananthapuram - Kerala PCB",Thiruvananthapuram,15M,9,2017,2025,success
site_252,"Plammoodu, Thiruvananthapuram - Kerala PCB",Thiruvananthapuram,15M,9,2017,2025,success
site_5367,"Meelavittan, Thoothukudi - TNPCB",Thoothukudi,15M,9,2017,2025,success
site_5390,"Corporation Ground, Thrissur - Kerala PCB",Thrissur,15M,9,2017,2025,success
site_5503,"Mangala, Bilaspur - NTPC",Tilak Nagar,15M,9,2017,2025,success
site_5630,"St Joseph College, Tiruchirappalli - TNPCB",Tiruchirappalli,15M,9,2017,2025,success
site_5609,"Municipal Corporation Office, Tirunelveli - TNPCB",Tirunelveli,15M,9,2017,2025,success
site_258,"Toll Gate, Tirumala - APPCB",Tirupati Urban,15M,2,2016,2025,success
site_5607,"Kumaran College, Tirupur - TNPCB",Tiruppur,15M,9,2017,2025,success
site_5702,"Shastri Nagar, Tonk - RSPCB",Tonk,15M,4,2017,2025,success
site_5591,"Manipur University, Imphal - Manipur PCB",Torban,15M,9,2017,2025,success
site_5682,"Thimmalapura, Tumakuru - KSPCB",Tumakur,15M,6,2017,2025,success
site_5692,"OP Jindal Industrial Park, Tumidih - CECB",Tumidih,15M,6,2017,2025,success
site_5433,"Brahmagiri, Udupi - KSPCB",Udupi,15M,9,2017,2025,success
site_1400,"Mahakaleshwar Temple, Ujjain - MPPCB",Ujjain,15M,9,2017,2025,success
site_6063,"Mahashweta Nagar, Ujjain - MPPCB",Ujjain,15M,0,,,success
site_5812,"Sidhi Vinayak Nagar, Ulhasnagar - MPCB",Ulhasnagar,15M,4,2017,2025,success
site_6083,"Vithalwadi, Ulhasnagar - MPCB",Ulhasnagar,15M,0,,,success
site_6065,"Bapunagar, Vadodara - Nexteng Enviro",Vadodara,15M,0,,,success
site_5274,"GIDC, Nandesari - Nandesari Ind. Association",Vadodara,15M,9,2017,2025,success
site_5605,"Crescent University, Chengalpattu - TNPCB",Vandalur,15M,9,2017,2025,success
site_5071,"Phase-1 GIDC, Vapi - GPCB",Vapi,15M,9,2017,2025,success
site_273,"Ardhali Bazar, Varanasi - UPPCB",Varanasi,15M,17,2009,2025,success
site_5469,"Bhelupur, Varanasi - UPPCB",Varanasi,15M,9,2017,2025,success
site_5468,"IESD Banaras Hindu University, Varanasi - UPPCB",Varanasi,15M,9,2017,2025,success
site_5475,"Maldahiya, Varanasi - UPPCB",Varanasi,15M,9,2017,2025,success
site_5808,"Bolinj, Virar - MPCB",Vasai-Virar,15M,4,2017,2025,success
site_5102,"Vasai West, Mumbai - MPCB",Vasai-Virar,15M,9,2017,2025,success
site_5457,"IIPHG Lekawada, Gandhinagar - IITM",Vayushaktinagar,15M,9,2017,2025,success
site_1406,"Secretariat, Amaravati - APPCB",Velgapudi,15M,9,2017,2025,success
site_5615,"Vasanthapuram, Vellore - TNPCB",Vellore,15M,9,2017,2025,success
site_1399,"Anand Kala Kshetram, Rajamahendravaram - APPCB",Vemuluru,15M,9,2017,2025,success
site_5267,"Ibrahimpur, Vijayapura - KSPCB",Vijayapura,15M,9,2017,2025,success
site_5848,"HB Colony, Vijayawada - APPCB",Vijayawada,15M,3,2023,2025,success
site_257,"PWD Grounds, Vijayawada - APPCB",Vijayawada,15M,9,2017,2025,success
site_5849,"Rajiv Gandhi Park, Vijayawada - APPCB",Vijayawada,15M,3,2023,2025,success
site_260,"GVM Corporation, Visakhapatnam - APPCB",Visakhapatnam,15M,10,2016,2025,success
site_5483,"Omex Eternity, Vrindavan - UPPCB",Vrindavan,15M,9,2017,2025,success
site_198,"More Chowk Waluj, Aurangabad - MPCB",Waladgaon,15M,10,2016,2025,success
site_5254,"Collector Office, Yadgir - KSPCB",Yadgiri,15M,9,2017,2025,success
site_5046,"Gobind Pura, Yamuna Nagar - HSPCB",Yamuna Nagar,15M,9,2017,2025,success
site_306,"Manali, Chennai - CPCB",manali,15M,17,2009,2025,success
site_5720,"Jhalamand, Jodhpur - RSPCB",जोधपुर,15M,4,2017,2025,success
site_5797,"Kasarvadavali, Thane - MPCB",ठाणे,15M,4,2017,2025,success
site_5774,"Vijay Nagar, Sangli - MPCB",Adi,1D,4,2017,2025,success
site_5587,"Bardowali, Agartala - Tripura SPCB",Agartala,1D,9,2017,2025,success
site_5377,"Kunjaban, Agartala - Tripura SPCB",Agartala,1D,9,2017,2025,success
site_5464,"Manoharpur, Agra - UPPCB",Agra,1D,9,2017,2025,success
site_307,"Sanjay Palace, Agra - UPPCB",Agra,1D,10,2016,2025,success
site_5465,"Sector-3B Avas Vikas Colony, Agra - UPPCB",Agra,1D,9,2017,2025,success
site_5501,"Shahjahan Garden, Agra - UPPCB",Agra,1D,9,2017,2025,success
site_5463,"Shastripuram, Agra - UPPCB",Agra,1D,9,2017,2025,success
site_5785,"Tarakpur, Ahmednagar - MPCB",Ahilyanagar,1D,4,2017,2025,success
site_5453,"Chandkheda, Ahmedabad - IITM",Ahmedabad,1D,9,2017,2025,success
site_5450,"Gyaspur, Ahmedabad - IITM",Ahmedabad,1D,9,2017,2025,success
site_308,"Maninagar, Ahmedabad - GPCB",Ahmedabad,1D,17,2009,2025,success
site_5067,"Phase-4 GIDC, Vatva - GPCB",Ahmedabad,1D,9,2017,2025,success
site_5452,"Raikhad, Ahmedabad - IITM",Ahmedabad,1D,9,2017,2025,success
site_5451,"Rakhial, Ahmedabad - IITM",Ahmedabad,1D,9,2017,2025,success
site_5454,"SAC ISRO Bopal, Ahmedabad - IITM",Ahmedabad,1D,9,2017,2025,success
site_5455,"SAC ISRO Satellite, Ahmedabad - IITM",Ahmedabad,1D,9,2017,2025,success
site_5456,"SVPI Airport Hansol, Ahmedabad - IITM",Ahmedabad,1D,9,2017,2025,success
site_5449,"Sardar Vallabhbhai Patel Stadium, Ahmedabad - IITM",Ahmedabad,1D,9,2017,2025,success
site_5346,"Sikulpuikawn, Aizawl - Mizoram PCB",Aizawl,1D,9,2017,2025,success
site_1392,"Civil Lines,  Ajmer - RSPCB",Ajmer,1D,9,2017,2025,success
site_5784,"Ramdaspeth, Akola - MPCB",Akola,1D,4,2017,2025,success
site_5653,"Siltara Phase-II, Raipur - CECB",Akoli-2,1D,9,2017,2025,success
site_5814,"Kherwadi_Bandra East, Mumbai - MPCB",Aliyawar,1D,4,2017,2025,success
site_1390,"Moti Doongri, Alwar - RSPCB",Alwar,1D,9,2017,2025,success
site_5052,"Patti Mehar, Ambala - HSPCB",Ambala,1D,9,2017,2025,success
site_6073,"Chinchpada, Ambernath - MPCB",Ambernath,1D,1,2025,2025,success
site_5786,"Shivneri Colony, Amravati - MPCB",Amravati,1D,4,2017,2025,success
site_5787,"Shri Shivaji Science College, Amravati - MPCB",Amravati,1D,1,2025,2025,success
site_256,"Golden Temple, Amritsar - PPCB",Amritsar,1D,9,2017,2025,success
site_5632,"Gulzarpet, Anantapur - APPCB",Anantapur,1D,9,2017,2025,success
site_5939,"Hakimapada, Angul - OSPCB",Angul,1D,3,2023,2025,success
site_5065,"GIDC, Ankleshwar - GPCB",Ankleshwar,1D,9,2017,2025,success
site_5539,"Kharahiya Basti, Araria - BSPCB",Araria,1D,9,2017,2025,success
site_5538,"New DM Office, Arrah - BSPCB",Arrah,1D,9,2017,2025,success
site_293,"Alandur Bus Depot, Chennai - CPCB",Arul Nagar,1D,17,2009,2025,success
site_1418,"Asansol Court Area, Asansol - WBPCB",Asansol,1D,9,2017,2025,success
site_5985,"Evelyn Lodge, Asansol - WBPCB",Asansol,1D,2,2024,2025,success
site_5544,"Gurdeo Nagar, Aurangabad - BSPCB",Aurangabad,1D,9,2017,2025,success
site_5666,"Vaikuntapuram, Tirupati - APPCB",Avilali,1D,9,2017,2025,success
site_5586,"HIMUDA Complex Phase-1, Baddi - HPPCB",Baddi,1D,9,2017,2025,success
site_5798,"Katrap, Badlapur - MPCB",Badlapur,1D,4,2017,2025,success
site_5264,"Vidayagiri, Bagalkot - KSPCB",Bagalkot,1D,9,2017,2025,success
site_5045,"Arya Nagar, Bahadurgarh - HSPCB",Bahadurgarh,1D,9,2017,2025,success
site_5585,"Sardar Patel Inter College, Baghpat - UPPCB",Bali,1D,9,2017,2025,success
site_5344,"Teri Gram, Gurugram - HSPCB",Bandhwari,1D,9,2017,2025,success
site_5711,"Rati Talai, Banswara - RSPCB",Banswara,1D,4,2017,2025,success
site_5775,"Bamboliya, Baran - RSPCB",Baran,1D,4,2017,2025,success
site_5541,"Mayaganj, Bhagalpur - BSPCB",Barari,1D,9,2017,2025,success
site_5938,"Forest Office, Barbil - OSPCB",Barbil,1D,3,2023,2025,success
site_5628,"Civil Lines, Bareilly - UPPCB",Bareilly,1D,9,2017,2025,success
site_5601,"Rajendra Nagar, Bareilly - UPPCB",Bareilly,1D,9,2017,2025,success
site_5670,"Meher Colony, Baripada - OSPCB",Baripada,1D,9,2017,2025,success
site_5714,"Railway Colony, Barmer - RSPCB",Barmer,1D,4,2017,2025,success
site_5959,"SVSPA Campus, Barrackpore - WBPCB",Barrackpore,1D,3,2023,2025,success
site_1549,"Hardev Nagar, Bathinda - PPCB",Bathinda,1D,9,2017,2025,success
site_6071,"Bir, Beed - MPCB",Beed,1D,1,2025,2025,success
site_5540,"Lohiyanagar, Begusarai - BSPCB",Begusarai,1D,1,2025,2025,success
site_5432,"Ramteerth Nagar, Belgaum - KSPCB",Belagavi,1D,9,2017,2025,success
site_162,"BTM Layout, Bengaluru - CPCB",Bengaluru,1D,17,2009,2025,success
site_164,"BWSSB Kadabesanahalli, Bengaluru - CPCB",Bengaluru,1D,16,2009,2025,success
site_1553,"Bapuji Nagar, Bengaluru - KSPCB",Bengaluru,1D,9,2017,2025,success
site_165,"City Railway Station, Bengaluru - KSPCB",Bengaluru,1D,11,2015,2025,success
site_1554,"Hebbal, Bengaluru - KSPCB",Bengaluru,1D,9,2017,2025,success
site_1555,"Hombegowda Nagar, Bengaluru - KSPCB",Bengaluru,1D,9,2017,2025,success
site_1556,"Jayanagar 5th Block, Bengaluru - KSPCB",Bengaluru,1D,9,2017,2025,success
site_5681,"Kasturi Nagar, Bengaluru - KSPCB",Bengaluru,1D,9,2017,2025,success
site_163,"Peenya, Bengaluru - CPCB",Bengaluru,1D,17,2009,2025,success
site_5678,"RVCE-Mailasandra, Bengaluru - KSPCB",Bengaluru,1D,9,2017,2025,success
site_166,"Sanegurava Halli, Bengaluru - KSPCB",Bengaluru,1D,11,2015,2025,success
site_5686,"Shivapura_Peenya, Bengaluru - KSPCB",Bengaluru,1D,9,2017,2025,success
site_1558,"Silk Board, Bengaluru - KSPCB",Bengaluru,1D,9,2017,2025,success
site_5476,"Kamalnath Nagar, Bettiah - BSPCB",Bettiah,1D,9,2017,2025,success
site_5543,"DM Office_Kachari Chowk, Bhagalpur - BSPCB",Bhagalpur,1D,9,2017,2025,success
site_5695,"Krishna Nagar, Bharatpur - RSPCB",Bharatpur,1D,4,2017,2025,success
site_6064,"Vidhyanagar, Bhavnagar - Nexteng Enviro",Bhavnagar,1D,1,2025,2025,success
site_5660,"32Bungalows, Bhilai - CECB",Bhilai,1D,9,2017,2025,success
site_5536,"Civic Center, Bhilai - Bhilai Steel Plant",Bhilai,1D,9,2017,2025,success
site_5770,"Pratap Nagar, Bhilwara - RSPCB",Bhilwara,1D,4,2017,2025,success
site_1391,"RIICO Ind. Area III, Bhiwadi - RSPCB",Bhiwadi,1D,9,2017,2025,success
site_5982,"Vasundhara Nagar_UIT, Bhiwadi - RSPCB",Bhiwadi,1D,2,2024,2025,success
site_5813,"Gokul Nagar, Bhiwandi - MPCB",Bhiwandi,1D,4,2017,2025,success
site_5047,"H.B. Colony, Bhiwani - HSPCB",Bhiwani,1D,9,2017,2025,success
site_5708,"Idgah Hills, Bhopal - MPPCB",Bhopal,1D,4,2017,2025,success
site_5650,"Paryavaran Parisar, Bhopal - MPPCB",Bhopal,1D,9,2017,2025,success
site_1403,"Sector-D Industrial Area, Mandideep - MPPCB",Bhopal,1D,9,2017,2025,success
site_5247,"T T Nagar, Bhopal - MPPCB",Bhopal,1D,9,2017,2025,success
site_5940,"Lingraj Mandir, Bhubaneswar - OSPCB",Bhubaneswar,1D,3,2023,2025,success
site_5943,"Patia, Bhubaneswar - OSPCB",Bhubaneswar,1D,3,2023,2025,success
site_5418,"Naubad, Bidar - KSPCB",Bidar,1D,9,2017,2025,success
site_5481,"D M Colony, Bihar Sharif - BSPCB",Bihar Sharif,1D,9,2017,2025,success
site_5696,"MM Ground, Bikaner - RSPCB",Bikaner,1D,4,2017,2025,success
site_5689,"Nawapara SECL Colony, Chhal - CECB",Bilaspur Division,1D,9,2017,2025,success
site_1542,"Yamunapuram, Bulandshahr - UPPCB",Bulandshahr,1D,9,2017,2025,success
site_5771,"New Colony, Bundi - RSPCB",Bundi,1D,4,2017,2025,success
site_5542,"Charitra Van, Buxar - BSPCB",Buxar,1D,1,2025,2025,success
site_5942,"Ferro Chrome Colony, Byasanagar - OSPCB",Byasanagar,1D,3,2023,2025,success
site_5999,"15th Mile-Nongthymmai, Byrnihat - Meghalaya PCB",Byrnihat,1D,1,2025,2025,success
site_5491,"Sector 22, Chandigarh - CPCC",Chandigarh,1D,9,2017,2025,success
site_5127,"Sector-25, Chandigarh - CPCC",Chandigarh,1D,9,2017,2025,success
site_5582,"Sector-53, Chandigarh - CPCC",Chandigarh,1D,9,2017,2025,success
site_271,"Chauhan Colony, Chandrapur - MPCB",Chandrapur,1D,4,2017,2025,success
site_5545,"Darshan Nagar, Chhapra - BSPCB",Chapra,1D,9,2017,2025,success
site_5339,"Mini Secretariat, Charkhi Dadri - HSPCB",Charkhi Dadri,1D,9,2017,2025,success
site_5659,"Hathkhoj, Bhilai - CECB",Charoda,1D,9,2017,2025,success
site_5556,"Eco Herbal Park, Moradabad - UPPCB",Chaudharpur,1D,9,2017,2025,success
site_5361,"Arumbakkam, Chennai - TNPCB",Chennai,1D,9,2017,2025,success
site_5365,"Kodungaiyur, Chennai - TNPCB",Chennai,1D,9,2017,2025,success
site_5092,"Manali Village, Chennai - TNPCB",Chennai,1D,9,2017,2025,success
site_5363,"Perungudi, Chennai - TNPCB",Chennai,1D,9,2017,2025,success
site_5364,"Royapuram, Chennai - TNPCB",Chennai,1D,9,2017,2025,success
site_288,"Velachery Res. Area, Chennai - CPCB",Chennai,1D,17,2009,2025,success
site_5788,"MIDC Chilkalthana, Aurangabad - MPCB",Chhatrapati Sambhajinagar,1D,4,2017,2025,success
site_5789,"Rachnakar Colony, Aurangabad - MPCB",Chhatrapati Sambhajinagar,1D,4,2017,2025,success
site_295,"MIDC Khutala, Chandrapur - MPCB",Chichala,1D,10,2016,2025,success
site_1557,"Chikkaballapur Rural, Chikkaballapur - KSPCB",Chikkaballapur,1D,9,2017,2025,success
site_5265,"Kalyana Nagara, Chikkamagaluru - KSPCB",Chikkamagaluru,1D,9,2017,2025,success
site_5665,"Gangineni Cheruvu, Chittoor - APPCB",Chittoor,1D,9,2017,2025,success
site_5712,"Shastri Nagar, Chittorgarh - RSPCB",Chittorgarh,1D,4,2017,2025,success
site_5699,"Subash Chowk, Churu - RSPCB",Churu,1D,4,2017,2025,success
site_5623,"PSG College of Arts and Science, Coimbatore - TNPCB",Coimbatore,1D,9,2017,2025,success
site_5094,"SIDCO Kurichi, Coimbatore - TNPCB",Coimbatore,1D,9,2017,2025,success
site_5941,"CDA Area, Cuttack - OSPCB",Cuttack,1D,3,2023,2025,success
site_5040,"Shrivastav Colony, Damoh - MPPCB",Damoh,1D,9,2017,2025,success
site_5477,"Town Hall - Lal Bagh, Darbhanga - BSPCB",Darbhanga,1D,9,2017,2025,success
site_5713,"Khatikan Mohalla, Dausa - RSPCB",Dausa,1D,4,2017,2025,success
site_5422,"Devaraj Urs Badavane, Davanagere - KSPCB",Davangere,1D,9,2017,2025,success
site_5594,"Doon University, Dehradun - UKPCB",Dehradun,1D,9,2017,2025,success
site_5024,"Alipur, Delhi - DPCC",Delhi,1D,9,2017,2025,success
site_301,"Anand Vihar, Delhi - DPCC",Delhi,1D,17,2009,2025,success
site_1420,"Ashok Vihar, Delhi - DPCC",Delhi,1D,9,2017,2025,success
site_1560,"Bawana, Delhi - DPCC",Delhi,1D,9,2017,2025,success
site_104,"Burari Crossing, Delhi - IITM",Delhi,1D,9,2017,2025,success
site_5393,"Chandni Chowk, Delhi - IITM",Delhi,1D,9,2017,2025,success
site_1422,"Dwarka-Sector 8, Delhi - DPCC",Delhi,1D,0,,,success
site_1423,"Jahangirpuri, Delhi - DPCC",Delhi,1D,9,2017,2025,success
site_6077,"NSUT Jaffarpur, Delhi - DPCC",Delhi,1D,1,2025,2025,success
site_1427,"Najafgarh, Delhi - DPCC",Delhi,1D,9,2017,2025,success
site_1426,"Narela, Delhi - DPCC",Delhi,1D,9,2017,2025,success
site_1431,"Patparganj, Delhi - DPCC",Delhi,1D,9,2017,2025,success
site_125,"Punjabi Bagh, Delhi - DPCC",Delhi,1D,17,2009,2025,success
site_1563,"Pusa, Delhi - DPCC",Delhi,1D,9,2017,2025,success
site_1430,"Rohini, Delhi - DPCC",Delhi,1D,9,2017,2025,success
site_1434,"Wazirpur, Delhi - DPCC",Delhi,1D,9,2017,2025,success
site_1404,"Bhopal Chauraha, Dewas - MPPCB",Dewas,1D,9,2017,2025,success
site_6094,"Pali Dungra, Mathura - UPPCB",Dhakpura,1D,0,,,success
site_5827,"Kalakusuma, Dhanbad - DMC",Dhanbad,1D,4,2017,2025,success
site_5710,"Sardar Patel Nagar, Dhanbad - JSPCB",Dhanbad,1D,4,2017,2025,success
site_5044,"Municipal Corporation Office, Dharuhera -  HSPCB",Dharuhera,1D,9,2017,2025,success
site_5718,"Dhoinda, Rajsamand - RSPCB",Dhoinda,1D,4,2017,2025,success
site_5700,"Raja Ganj, Dholpur - RSPCB",Dholpur,1D,4,2017,2025,success
site_5801,"Deopur, Dhule - MPCB",Dhule,1D,4,2017,2025,success
site_5608,"Mendonsa Colony, Dindigul - TNPCB",Dindigul,1D,9,2017,2025,success
site_5250,"Gole Bazar, Katni - MPPCB",Diwari,1D,9,2017,2025,success
site_5850,"Bhoiwada, Dungarpur - RSPCB",Dungarpur,1D,3,2023,2025,success
site_6008,"Mahishkapur Road_B-Zone, Durgapur - WBPCB",Durgapur,1D,2,2024,2025,success
site_5983,"PCBL Residential Complex, Durgapur - WBPCB",Durgapur,1D,2,2024,2025,success
site_299,"Womens College_City Center, Durgapur - WBPCB",Durgapur,1D,1,2025,2025,success
site_6086,"District Court, Eluru - APPCB",Eluru,1D,1,2025,2025,success
site_5618,"Gandhi Nagar_Ennore, Chennai - TNPCB",Ennore,1D,9,2017,2025,success
site_5105,"Udyogamandal, Eloor - Kerala PCB",Ernakulam,1D,9,2017,2025,success
site_5270,"Vyttila, Kochi - Kerala PCB",Ernakulam,1D,9,2017,2025,success
site_5128,"Gomti Nagar, Lucknow - UPPCB",Ext,1D,9,2017,2025,success
site_5060,"Nathu Colony, Ballabgarh - HSPCB",Faridabad,1D,9,2017,2025,success
site_5340,"New Industrial Town, Faridabad - HSPCB",Faridabad,1D,9,2017,2025,success
site_5342,"Sector 11, Faridabad - HSPCB",Faridabad,1D,9,2017,2025,success
site_5341,"Sector 30, Faridabad - HSPCB",Faridabad,1D,9,2017,2025,success
site_263,"Sector- 16A, Faridabad - HSPCB",Faridabad,1D,17,2009,2025,success
site_5054,"Huda Sector, Fatehabad - HSPCB",Fatehabad,1D,9,2017,2025,success
site_255,"RIMT University, Mandi Gobindgarh - PPCB",Fatehgarh Sahib,1D,9,2017,2025,success
site_6096,"Dadupura, Fatehpur Sikri - UPPCB",Fatehpur Sikri,1D,0,,,success
site_5480,"Nagla Bhau, Firozabad - UPPCB",Firozabad,1D,9,2017,2025,success
site_5584,"Vibhab Nagar, Firozabad - UPPCB",Firozabad,1D,9,2017,2025,success
site_5419,"Panchal Nagar, Gadag - KSPCB",Gadag-Betageri,1D,9,2017,2025,success
site_5458,"GIFT City, Gandhinagar - IITM",Gandhinagar,1D,9,2017,2025,success
site_5066,"Sector-10, Gandhinagar - GPCB",Gandhinagar,1D,9,2017,2025,success
site_5590,"Zero Point GICI, Gangtok - SSPCB",Gangtok,1D,9,2017,2025,success
site_159,"Collectorate, Gaya - BSPCB",Gaya,1D,11,2015,2025,success
site_5548,"Kareemganj, Gaya - BSPCB",Gaya,1D,9,2017,2025,success
site_5657,"Urja Nagar, Korba - CECB",Gevra,1D,9,2017,2025,success
site_6088,"Govindpuram, Ghaziabad - UPPCB",Ghaziabad,1D,0,,,success
site_5082,"Indirapuram, Ghaziabad - UPPCB",Ghaziabad,1D,9,2017,2025,success
site_5083,"Loni, Ghaziabad - UPPCB",Ghaziabad,1D,9,2017,2025,success
site_5081,"Sanjay Nagar, Ghaziabad - UPPCB",Ghaziabad,1D,9,2017,2025,success
site_144,"Vasundhara, Ghaziabad - UPPCB",Ghaziabad,1D,9,2017,2025,success
site_6091,"Ved Vihar-Loni, Ghaziabad - UPPCB",Ghaziabad,1D,0,,,success
site_5472,"Madan Mohan Malaviya University of Technology, Gorakhpur - UPPCB",Gorakhpur,1D,9,2017,2025,success
site_5549,"Mariam Nagar, Purnia - BSPCB",Goshaingaon,1D,9,2017,2025,success
site_5121,"Knowledge Park - V, Greater Noida - UPPCB",Greater Noida,1D,9,2017,2025,success
site_6084,"Rajendra Nagar North, Guntur - APPCB",Guntur,1D,1,2025,2025,success
site_6011,"Amity University, Panchgaon - IITM",Gurugram,1D,1,2025,2025,success
site_108,"Aya Nagar, Delhi - IITM",Gurugram,1D,9,2017,2025,success
site_5025,"NISE Gwal Pahari, Gurugram - IITM",Gurugram,1D,9,2017,2025,success
site_5039,"Sector-2 IMT, Manesar - HSPCB",Gurugram,1D,9,2017,2025,success
site_5345,"Sector-51, Gurugram - HSPCB",Gurugram,1D,9,2017,2025,success
site_146,"Vikas Sadan, Gurugram - HSPCB",Gurugram,1D,9,2017,2025,success
site_5651,"IITG, Guwahati - PCBA",Guwahati,1D,9,2017,2025,success
site_5683,"LGBI Airport, Guwahati - PCBA",Guwahati,1D,9,2017,2025,success
site_5417,"Pan Bazaar, Guwahati - PCBA",Guwahati,1D,9,2017,2025,success
site_5073,"Railway Colony, Guwahati - PCBA",Guwahati,1D,9,2017,2025,success
site_5273,"City Center, Gwalior - MPPCB",Gwalior,1D,9,2017,2025,success
site_5667,"Deen Dayal Nagar, Gwalior - MPPCB",Gwalior,1D,9,2017,2025,success
site_5661,"Maharaj Bada, Gwalior - MPPCB",Gwalior,1D,9,2017,2025,success
site_5275,"Phool Bagh, Gwalior - Mondelez Ind. Food",Gwalior,1D,9,2017,2025,success
site_5337,"Industrial Area, Hajipur - BSPCB",Hajipur Industrial Area,1D,9,2017,2025,success
site_300,"Priyambada Housing Estate, Haldia - WBPCB",Haldia,1D,6,2015,2025,success
site_5255,"Vijay Nagar, Ramanagara - KSPCB",Hallimala,1D,9,2017,2025,success
site_5715,"Housing Board, Hanumangarh - RSPCB",Hanumangarh,1D,4,2017,2025,success
site_5023,"Anand Vihar, Hapur - UPPCB",Hapur,1D,9,2017,2025,success
site_5448,"B.Katihalli, Hassan - KSPCB",Hassan,1D,9,2017,2025,success
site_5687,"Fertilizer Township, Rourkela - OSPCB",Hatibandha,1D,9,2017,2025,success
site_5420,"Ashwini Nagar, Haveri - KSPCB",Haveri,1D,9,2017,2025,success
site_6072,"Ashta Vinayak Nagar, Hingoli - MPCB",Hingoli,1D,1,2025,2025,success
site_5057,"Urban Estate-II, Hisar - HSPCB",Hisar,1D,9,2017,2025,success
site_5612,"SIPCOT Phase-1, Hosur - TNPCB",Hosur,1D,9,2017,2025,success
site_5101,"Belur Math, Howrah - WBPCB",Howrah,1D,9,2017,2025,success
site_5989,"Botanical Garden, Howrah - WBPCB",Howrah,1D,2,2024,2025,success
site_6009,"Dasnagar, Howrah - WBPCB",Howrah,1D,2,2024,2025,success
site_274,"Ghusuri, Howrah - WBPCB",Howrah,1D,10,2016,2025,success
site_1416,"Padmapukur, Howrah - WBPCB",Howrah,1D,9,2017,2025,success
site_1447,"Deshpande Nagar, Hubballi - KSPCB",Hubballi,1D,9,2017,2025,success
site_5638,"Kalabhavan, Dharwad - KSPCB",Hubballi,1D,9,2017,2025,success
site_5680,"Lingaraj Nagar, Hubballi - KSPCB",Hubballi,1D,9,2017,2025,success
site_199,"Bollaram Industrial Area, Hyderabad - TSPCB",Hyderabad,1D,9,2017,2025,success
site_262,"Central University, Hyderabad - TSPCB",Hyderabad,1D,9,2017,2025,success
site_275,"IDA Pashamylaram, Hyderabad - TSPCB",Hyderabad,1D,10,2016,2025,success
site_5604,"Kokapet, Hyderabad - TSPCB",Hyderabad,1D,9,2017,2025,success
site_5599,"Kompally Municipal Office, Hyderabad - TSPCB",Hyderabad,1D,9,2017,2025,success
site_5595,"New Malakpet, Hyderabad - TSPCB",Hyderabad,1D,9,2017,2025,success
site_5602,"Ramachandrapuram, Hyderabad - TSPCB",Hyderabad,1D,9,2017,2025,success
site_294,"Sanathnagar, Hyderabad - TSPCB",Hyderabad,1D,17,2009,2025,success
site_5598,"Somajiguda, Hyderabad - TSPCB",Hyderabad,1D,9,2017,2025,success
site_298,"Zoo Park, Hyderabad - TSPCB",Hyderabad,1D,11,2015,2025,success
site_5592,"DM College of Science, Imphal - Manipur PCB",Imphal,1D,9,2017,2025,success
site_5857,"Airport Area, Indore - IMC",Indore,1D,3,2023,2025,success
site_5856,"Maguda Nagar, Indore - IMC",Indore,1D,3,2023,2025,success
site_5855,"Regional Park, Indore - IMC",Indore,1D,3,2023,2025,success
site_5854,"Residency Area, Indore - IMC",Indore,1D,3,2023,2025,success
site_5709,"Vijay Nagar Scheme-78, Indore - Glenmark",Indore,1D,4,2017,2025,success
site_5965,"Govindh Bhavan Colony, Jabalpur - JMC",Jabalpur,1D,3,2023,2025,success
site_5817,"Gupteshwar, Jabalpur - JMC",Jabalpur,1D,4,2017,2025,success
site_5249,"Marhatal, Jabalpur - MPPCB",Jabalpur,1D,9,2017,2025,success
site_1393,"Adarsh Nagar, Jaipur - RSPCB",Jaipur,1D,9,2017,2025,success
site_5725,"Mansarovar Sector-12, Jaipur - RSPCB",Jaipur,1D,4,2017,2025,success
site_134,"Police Commissionerate, Jaipur - RSPCB",Jaipur,1D,9,2017,2025,success
site_5728,"RIICO Sitapura, Jaipur - RSPCB",Jaipur,1D,4,2017,2025,success
site_5727,"Sector-2 Murlipura, Jaipur - RSPCB",Jaipur,1D,4,2017,2025,success
site_1396,"Shastri Nagar, Jaipur - RSPCB",Jaipur,1D,9,2017,2025,success
site_5772,"Sadar Bazar, Jaisalmer - RSPCB",Jaisalmer,1D,4,2017,2025,success
site_1438,"Civil Line, Jalandhar - PPCB",Jalandhar,1D,9,2017,2025,success
site_5790,"Prabhat Colony, Jalgaon - MPCB",Jalgaon,1D,4,2017,2025,success
site_5791,"Old MIDC, Jalna - MPCB",Jalna,1D,4,2017,2025,success
site_5851,"Mudtra Sili, Jalore - RSPCB",Jalore,1D,3,2023,2025,success
site_5937,"Kalidaspur, Balasore - OSPCB",Januganj,1D,3,2023,2025,success
site_1401,"Suryakiran Bhawan NCL, Singrauli - MPPCB",Jayant,1D,9,2017,2025,success
site_5724,"Rajlaxmi Nagar, Jhalawar - RSPCB",Jhalawar,1D,4,2017,2025,success
site_5583,"Shivaji Nagar, Jhansi - UPPCB",Jhansi,1D,9,2017,2025,success
site_5717,"Indra Nagar, Jhunjhunu - RSPCB",Jhunjhunu,1D,4,2017,2025,success
site_5729,"Jigani, Bengaluru - KSPCB",Jigani,1D,4,2017,2025,success
site_5056,"Police Lines, Jind - HSPCB",Jind,1D,9,2017,2025,success
site_136,"Collectorate, Jodhpur - RSPCB",Jodhpur,1D,11,2015,2025,success
site_5726,"Digari Kalan, Jodhpur - RSPCB",Jodhpur,1D,4,2017,2025,success
site_5773,"Mandor, Jodhpur - RSPCB",Jodhpur,1D,4,2017,2025,success
site_5694,"Samrat Ashok Udhyan, Jodhpur - RSPCB",Jodhpur,1D,5,2017,2025,success
site_254,"Tata Stadium, Jorapokhar - JSPCB",Jorapokhar,1D,9,2017,2025,success
site_5693,"Yerramukkapalli, Kadapa - APPCB",Kadapa,1D,9,2017,2025,success
site_5072,"Rishi Nagar, Kaithal - HSPCB",Kaithal,1D,9,2017,2025,success
site_1565,"Lal Bahadur Shastri Nagar, Kalaburagi - KSPCB",Kalaburagi,1D,9,2017,2025,success
site_5679,"Mahatma Basaveswar Colony, Kalaburgi - KSPCB",Kalaburagi,1D,9,2017,2025,success
site_6082,"Kalu Nagar, Dombivli - MPCB",Kalyan,1D,1,2025,2025,success
site_5118,"Khadakpada, Kalyan - MPCB",Kalyan,1D,9,2017,2025,success
site_5783,"Kamble Tarf Birwadi, Mahad - MPCB",Kamble Tarf Birwadi,1D,4,2017,2025,success
site_5276,"Thavakkara, Kannur - Kerala PCB",Kannur,1D,9,2017,2025,success
site_5500,"FTI Kidwai Nagar, Kanpur - UPPCB",Kanpur,1D,9,2017,2025,success
site_5416,"IITK, Kanpur - IITK",Kanpur,1D,8,2017,2025,success
site_5474,"NSI Kalyanpur, Kanpur - UPPCB",Kanpur,1D,9,2017,2025,success
site_276,"Nehru Nagar, Kanpur - UPPCB",Kanpur,1D,17,2009,2025,success
site_5723,"Satyawati Vihar, Karauli - RSPCB",Karauli,1D,4,2017,2025,success
site_5125,"Hebbal 1st Stage, Mysuru - KSPCB",KarimuddanaHalli,1D,9,2017,2025,success
site_5049,"Sector-12, Karnal - HSPCB",Karnal,1D,9,2017,2025,success
site_5627,"Kamadenu Nagar, Karur - TNPCB",Karur,1D,9,2017,2025,success
site_5853,"KHB Colony, Karwar - KSPCB",Karwar,1D,3,2023,2025,success
site_5704,"Govt. Girls Inter College, Kashipur - UKPCB",Kashipur,1D,4,2017,2025,success
site_5546,"Mirchaibari, Katihar - BSPCB",Katihar,1D,9,2017,2025,success
site_5606,"Keelapalur, Ariyalur - TNPCB",Keezhapalur,1D,9,2017,2025,success
site_5674,"Dabuna, Nayagarh - OSPCB",Keonjhar,1D,9,2017,2025,success
site_5671,"Jagamohanpur, Keonjhar - OSPCB",Keonjhar,1D,9,2017,2025,success
site_5809,"Khaira, Boisar - MPCB",Khaira,1D,4,2017,2025,success
site_6090,"New Anaj Mandi, Khairthal - RSPCB",Khairthal,1D,0,,,success
site_5691,"Govt. Higher Secondary School, Milupara - CECB",Khamahari,1D,9,2017,2025,success
site_5547,"SDM Office_Khagra, Kishanganj - BSPCB",Kishanganj,1D,9,2017,2025,success
site_5272,"Kacheripady, Ernakulam - Kerala PCB",Kochi,1D,8,2017,2025,success
site_1397,"Ashok Nagar, Udaipur - RSPCB",Kodiyat,1D,9,2017,2025,success
site_5375,"PWD Junction, Kohima - NPCB",Kohima,1D,1,2025,2025,success
site_1551,"Tamaka Ind. Area, Kolar - KSPCB",Kolar,1D,9,2017,2025,success
site_5768,"Shivaji University, Kolhapur - MPCB",Kolhapur,1D,4,2017,2025,success
site_5769,"Sinchan Bhavan, Kolhapur - MPCB",Kolhapur,1D,4,2017,2025,success
site_5238,"Ballygunge, Kolkata - WBPCB",Kolkata,1D,9,2017,2025,success
site_5129,"Bidhannagar, Kolkata - WBPCB",Kolkata,1D,9,2017,2025,success
site_5110,"Fort William, Kolkata - WBPCB",Kolkata,1D,9,2017,2025,success
site_5111,"Jadavpur, Kolkata - WBPCB",Kolkata,1D,9,2017,2025,success
site_296,"Rabindra Bharati University, Kolkata - WBPCB",Kolkata,1D,10,2016,2025,success
site_5126,"Rabindra Sarobar, Kolkata - WBPCB",Kolkata,1D,9,2017,2025,success
site_309,"Victoria, Kolkata - WBPCB",Kolkata,1D,10,2016,2025,success
site_5334,"Polayathode, Kollam - Kerala PCB",Kollam,1D,9,2017,2025,success
site_5979,"Collectorate Office, Virudhunagar - TNPCB",Kooraikundu,1D,3,2023,2025,success
site_5415,"Diwator Nagar, Koppal - KSPCB",Koppal,1D,9,2017,2025,success
site_5656,"Rampur, Korba - CECB",Korba,1D,9,2017,2025,success
site_5707,"Dhanmandi, Kota - RSPCB",Kota,1D,4,2017,2025,success
site_5701,"Nayapura, Kota - RSPCB",Kota,1D,4,2017,2025,success
site_1394,"Shrinath Puram, Kota - RSPCB",Kota,1D,9,2017,2025,success
site_5271,"Palayam, Kozhikode - Kerala PCB",Kozhikode,1D,9,2017,2025,success
site_1410,"GM Office, Brajrajnagar - OSPCB",Kudaloi,1D,9,2017,2025,success
site_5690,"OP Jindal School, Kunjemura - CECB",Kunjemura,1D,9,2017,2025,success
site_5043,"Sector-7, Kurukshetra - HSPCB",Kurukshetra,1D,9,2017,2025,success
site_5338,"SFTI Kusdihra, Gaya - BSPCB",Kusdihra,1D,9,2017,2025,success
site_5780,"Sawe Wadi, Latur - MPCB",Latur,1D,4,2017,2025,success
site_5460,"B R Ambedkar University, Lucknow - UPPCB",Lucknow,1D,9,2017,2025,success
site_272,"Kendriya Vidyalaya, Lucknow - CPCB",Lucknow,1D,17,2009,2025,success
site_5462,"Kukrail Picnic Spot-1, Lucknow - UPPCB",Lucknow,1D,9,2017,2025,success
site_277,"Lalbagh, Lucknow - CPCB",Lucknow,1D,17,2009,2025,success
site_1405,"Nishant Ganj, Lucknow - UPPCB",Lucknow,1D,9,2017,2025,success
site_297,"Talkatora District Industries Center, Lucknow - CPCB",Lucknow,1D,17,2009,2025,success
site_253,"Punjab Agricultural University, Ludhiana - PPCB",Ludhiana,1D,9,2017,2025,success
site_1450,"Kalal Majra, Khanna - PPCB",Machhiwara Sahib,1D,9,2017,2025,success
site_6085,"Srinivas Nagar Colony, Machilipatnam - APPCB",Machilipatnam Rural,1D,1,2025,2025,success
site_5391,"Stuart Hill, Madikeri - KSPCB",Madikeri,1D,9,2017,2025,success
site_5550,"Forest Rest House, Manguraha - BSPCB",Maguraha,1D,9,2017,2025,success
site_5802,"Mahesh Nagar, Malegaon - MPCB",Malegaon,1D,4,2017,2025,success
site_5055,"General Hospital, Mandikhera(Nuh) - HSPCB",Mandikhera,1D,1,2025,2025,success
site_5421,"Kadri, Mangalore - KSPCB",Mangaluru,1D,9,2017,2025,success
site_5258,"Ganga Nagar, Meerut - UPPCB",Meerut,1D,9,2017,2025,success
site_5109,"Jai Bhim Nagar, Meerut - UPPCB",Meerut,1D,9,2017,2025,success
site_6093,"MIET College, Meerut - UPPCB",Meerut,1D,0,,,success
site_5257,"Pallavpuram Phase 2, Meerut - UPPCB",Meerut,1D,9,2017,2025,success
site_5603,"Kalindi Kunj, Khurja - UPPCB",Meerut Division,1D,9,2017,2025,success
site_1569,"New Collectorate, Baghpat - UPPCB",Meerut Division,1D,9,2017,2025,success
site_6067,"Sadanand Nagar, Mehsana - Nexteng Enviro",Mehsana,1D,1,2025,2025,success
site_5619,"Kilambi, Kanchipuram - TNPCB",Melambi,1D,9,2017,2025,success
site_5248,"Chhoti Gwaltoli, Indore - MPPCB",Mewasjamniya,1D,9,2017,2025,success
site_5806,"Bhayandar West, Mira-Bhayandar - MPCB",Mira Bhayandar,1D,4,2017,2025,success
site_5554,"Buddhi Vihar, Moradabad - UPPCB",Moradabad,1D,9,2017,2025,success
site_5537,"Employment Office, Moradabad - UPPCB",Moradabad,1D,9,2017,2025,success
site_5555,"Jigar Colony, Moradabad - UPPCB",Moradabad,1D,9,2017,2025,success
site_5620,"Kashiram Nagar, Moradabad - UPPCB",Moradabad,1D,9,2017,2025,success
site_1398,"Lajpat Nagar, Moradabad - UPPCB",Moradabad,1D,9,2017,2025,success
site_5613,"Transport Nagar, Moradabad - UPPCB",Moradabad,1D,9,2017,2025,success
site_5478,"Gandak Colony, Motihari - BSPCB",Motihari,1D,9,2017,2025,success
site_5124,"Urban, Chamarajanagar - KSPCB",Mudumalai,1D,9,2017,2025,success
site_5392,"Bandra Kurla Complex, Mumbai - IITM",Mumbai,1D,9,2017,2025,success
site_5810,"Bandra Kurla Complex, Mumbai - MPCB",Mumbai,1D,4,2017,2025,success
site_168,"Bandra, Mumbai - MPCB",Mumbai,1D,11,2015,2025,success
site_5400,"Borivali East, Mumbai - IITM",Mumbai,1D,9,2017,2025,success
site_5113,"Borivali East, Mumbai - MPCB",Mumbai,1D,9,2017,2025,success
site_5960,"Byculla, Mumbai - BMC",Mumbai,1D,3,2023,2025,success
site_5399,"Chakala-Andheri East, Mumbai - IITM",Mumbai,1D,9,2017,2025,success
site_5811,"Chembur, Mumbai - MPCB",Mumbai,1D,4,2017,2025,success
site_5107,"Chhatrapati Shivaji Intl. Airport (T2), Mumbai - MPCB",Mumbai,1D,9,2017,2025,success
site_5120,"Colaba, Mumbai - MPCB",Mumbai,1D,9,2017,2025,success
site_5396,"Deonar, Mumbai - IITM",Mumbai,1D,9,2017,2025,success
site_5964,"Ghatkopar, Mumbai - BMC",Mumbai,1D,3,2023,2025,success
site_5412,"Kandivali East, Mumbai - MPCB",Mumbai,1D,9,2017,2025,success
site_5962,"Kandivali West, Mumbai - BMC",Mumbai,1D,3,2023,2025,success
site_5397,"Khindipada-Bhandup West, Mumbai - IITM",Mumbai,1D,9,2017,2025,success
site_5104,"Kurla, Mumbai - MPCB",Mumbai,1D,9,2017,2025,success
site_5402,"Malad West, Mumbai - IITM",Mumbai,1D,9,2017,2025,success
site_5394,"Mazgaon, Mumbai - IITM",Mumbai,1D,9,2017,2025,success
site_5807,"Mindspace-Malad West, Mumbai - MPCB",Mumbai,1D,4,2017,2025,success
site_5413,"Mulund West, Mumbai - MPCB",Mumbai,1D,9,2017,2025,success
site_5398,"Navy Nagar-Colaba, Mumbai - IITM",Mumbai,1D,9,2017,2025,success
site_5112,"Powai, Mumbai - MPCB",Mumbai,1D,9,2017,2025,success
site_5963,"Sewri, Mumbai - BMC",Mumbai,1D,3,2023,2025,success
site_5961,"Shivaji Nagar, Mumbai - BMC",Mumbai,1D,3,2023,2025,success
site_5403,"Siddharth Nagar-Worli, Mumbai - IITM",Mumbai,1D,9,2017,2025,success
site_5119,"Sion, Mumbai - MPCB",Mumbai,1D,9,2017,2025,success
site_5106,"Vile Parle West, Mumbai - MPCB",Mumbai,1D,9,2017,2025,success
site_5115,"Worli, Mumbai -MPCB",Mumbai,1D,1,2025,2025,success
site_5490,"Town Hall, Munger - BSPCB",Munger,1D,9,2017,2025,success
site_5041,"Murthal, Sonipat - HSPCB",Murthal,1D,9,2017,2025,success
site_1550,"New Mandi, Muzaffarnagar - UPPCB",Muzaffarnagar,1D,9,2017,2025,success
site_5370,"Buddha Colony, Muzaffarpur - BSPCB",Muzaffarpur,1D,9,2017,2025,success
site_5479,"MIT-Daudpur Kothi, Muzaffarpur - BSPCB",Muzaffarpur,1D,9,2017,2025,success
site_158,"Muzaffarpur Collectorate, Muzaffarpur - BSPCB",Muzaffarpur,1D,11,2015,2025,success
site_5706,"Christianpatty, Nagaon - PCBA",Nagaon,1D,4,2017,2025,success
site_5616,"Velippalayam, Nagapattinam - TNPCB",Nagapattinam,1D,9,2017,2025,success
site_5778,"Karni Colony, Nagaur - RSPCB",Nagaur,1D,4,2017,2025,success
site_5792,"Ambazari, Nagpur - MPCB",Nagpur,1D,4,2017,2025,success
site_5796,"Mahal, Nagpur - MPCB",Nagpur,1D,4,2017,2025,success
site_303,"Opp GPO Civil Lines, Nagpur - MPCB",Nagpur,1D,10,2016,2025,success
site_5793,"Ram Nagar, Nagpur - MPCB",Nagpur,1D,4,2017,2025,success
site_5446,"Naharlagun, Naharlagun - APSPCB",Naharlagun,1D,9,2017,2025,success
site_5668,"Bata Chowk, Nalbari - PCBA",Nalbari,1D,9,2017,2025,success
site_5795,"Sneh Nagar, Nanded - MPCB",Nanded,1D,4,2017,2025,success
site_5053,"Shastri Nagar, Narnaul - HSPCB",Narnaul,1D,9,2017,2025,success
site_304,"Gangapur Road, Nashik - MPCB",Nashik,1D,10,2016,2025,success
site_5782,"Hirawadi, Nashik - MPCB",Nashik,1D,4,2017,2025,success
site_5781,"MIDC Ambad, Nashik - MPCB",Nashik,1D,4,2017,2025,success
site_5779,"Pandav Nagari, Nashik - MPCB",Nashik,1D,4,2017,2025,success
site_5978,"SIPCOT Nathampannai, Pudukottai - TNPCB",Nathampannai,1D,3,2023,2025,success
site_261,"Airoli, Navi Mumbai - MPCB",Navi Mumbai,1D,17,2009,2025,success
site_5804,"CBD Belapur, Belapur - MPCB",Navi Mumbai,1D,4,2017,2025,success
site_5805,"Kopripada-Vashi, Navi Mumbai - MPCB",Navi Mumbai,1D,4,2017,2025,success
site_5114,"Mahape, Navi Mumbai - MPCB",Navi Mumbai,1D,9,2017,2025,success
site_5103,"Nerul, Navi Mumbai - MPCB",Navi Mumbai,1D,9,2017,2025,success
site_5815,"Sanpada, Navi Mumbai - MPCB",Navi Mumbai,1D,4,2017,2025,success
site_5401,"Sector-19A Nerul, Navi Mumbai - IITM",Navi Mumbai,1D,9,2017,2025,success
site_6087,"Ambedkar Nagar, Nellore - APPCB",Nellore,1D,0,,,success
site_103,"CRRI Mathura Road, Delhi - IITM",New Delhi,1D,9,2017,2025,success
site_6078,"Cantonment Area, Delhi - DPCC",New Delhi,1D,0,,,success
site_6079,"Commonwealth Sports Complex, Delhi - DPCC",New Delhi,1D,1,2025,2025,success
site_118,"DTU, Delhi - CPCB",New Delhi,1D,17,2009,2025,success
site_1421,"Dr. Karni Singh Shooting Range, Delhi - DPCC",New Delhi,1D,9,2017,2025,success
site_106,"IGI Airport (T3), Delhi - IITM",New Delhi,1D,9,2017,2025,success
site_6080,"IGNOU_Maidan Garhi, Delhi - DPCC",New Delhi,1D,1,2025,2025,success
site_114,"IHBAS, Dilshad Garden, Delhi - CPCB",New Delhi,1D,17,2009,2025,success
site_6060,"IIT Delhi, Delhi - IITM",New Delhi,1D,1,2025,2025,success
site_109,"IMD Lodhi Road, Delhi - IITM",New Delhi,1D,9,2017,2025,success
site_117,"ITO, Delhi - CPCB",New Delhi,1D,17,2009,2025,success
site_6076,"JNU, Delhi - DPCC",New Delhi,1D,1,2025,2025,success
site_1424,"Jawaharlal Nehru Stadium, Delhi - DPCC",New Delhi,1D,9,2017,2025,success
site_5395,"Lodhi Road, Delhi - IITM",New Delhi,1D,9,2017,2025,success
site_1425,"Major Dhyan Chand National Stadium, Delhi - DPCC",New Delhi,1D,9,2017,2025,success
site_122,"Mandir Marg, Delhi - DPCC",New Delhi,1D,17,2009,2025,success
site_1561,"Mundka, Delhi - DPCC",New Delhi,1D,9,2017,2025,success
site_115,"NSIT Dwarka, Delhi - CPCB",New Delhi,1D,17,2009,2025,success
site_1429,"Nehru Nagar, Delhi - DPCC",New Delhi,1D,9,2017,2025,success
site_5852,"New Moti Bagh, Delhi - MHUA",New Delhi,1D,2,2023,2025,success
site_105,"North Campus, DU, Delhi - IITM",New Delhi,1D,9,2017,2025,success
site_1428,"Okhla Phase-2, Delhi - DPCC",New Delhi,1D,9,2017,2025,success
site_107,"Pusa, Delhi - IITM",New Delhi,1D,9,2017,2025,success
site_124,"R K Puram, Delhi - DPCC",New Delhi,1D,17,2009,2025,success
site_113,"Shadipur, Delhi - CPCB",New Delhi,1D,17,2009,2025,success
site_119,"Sirifort, Delhi - CPCB",New Delhi,1D,17,2009,2025,success
site_1432,"Sonia Vihar, Delhi - DPCC",New Delhi,1D,9,2017,2025,success
site_1562,"Sri Aurobindo Marg, Delhi - DPCC",New Delhi,1D,9,2017,2025,success
site_6081,"Talkatora Garden, Delhi - DPCC",New Delhi,1D,1,2025,2025,success
site_1435,"Vivek Vihar, Delhi - DPCC",New Delhi,1D,9,2017,2025,success
site_5614,"Uchapatti, Madurai - TNPCB",Nilaiyur,1D,9,2017,2025,success
site_1541,"Knowledge Park - III, Greater Noida - UPPCB",Noida,1D,9,2017,2025,success
site_6089,"Prashant Garden, Khora - UPPCB",Noida,1D,0,,,success
site_153,"Sector - 125, Noida - UPPCB",Noida,1D,9,2017,2025,success
site_111,"Sector - 62, Noida - IITM",Noida,1D,9,2017,2025,success
site_5123,"Sector-1, Noida - UPPCB",Noida,1D,9,2017,2025,success
site_5122,"Sector-116, Noida - UPPCB",Noida,1D,9,2017,2025,success
site_5624,"Bombay Castel, Ooty - TNPCB",Ooty,1D,9,2017,2025,success
site_5621,"Kudikadu, Cuddalore - TNPCB",Pachchyankuppam,1D,9,2017,2025,success
site_1395,"Indira Colony Vistar, Pali - RSPCB",Pali,1D,9,2017,2025,success
site_5050,"Shyam Nagar, Palwal - HSPCB",Palwal,1D,9,2017,2025,success
site_161,"Sector-6, Panchkula - HSPCB",Panchkula,1D,2,2015,2016,success
site_5048,"Sector-18, Panipat - HSPCB",Panipat,1D,9,2017,2025,success
site_5799,"Sector-2E Kalamboli, Navi Mumbai - MPCB",Panvel,1D,4,2017,2025,success
site_5803,"Tondare-Taloja, Navi Mumbai - MPCB",Panvel,1D,4,2017,2025,success
site_5362,"Anthoni Pillai Nagar, Gummidipoondi - TNPCB",Pappankuppam,1D,9,2017,2025,success
site_6032,"Ponnusamy Nagar, Namakkal - TNPCB",Pappinayakkanpatti,1D,1,2025,2025,success
site_5794,"Masoom Colony, Parbhani - MPCB",Parbhani,1D,4,2017,2025,success
site_251,"ICRISAT Patancheru, Hyderabad - TSPCB",Patancheruvu,1D,9,2017,2025,success
site_5832,"Mohalbani Ghat, Pathardih - DMC",Pathardih,1D,3,2023,2025,success
site_1437,"Model Town, Patiala - PPCB",Patiala,1D,9,2017,2025,success
site_5336,"DRM Office Danapur, Patna - BSPCB",Patna,1D,9,2017,2025,success
site_5335,"Govt. High School Shikarpur, Patna - BSPCB",Patna,1D,9,2017,2025,success
site_157,"IGSC Planetarium Complex, Patna - BSPCB",Patna,1D,11,2015,2025,success
site_5261,"Muradpur, Patna - BSPCB",Patna,1D,9,2017,2025,success
site_5262,"Rajbansi Nagar, Patna - BSPCB",Patna,1D,9,2017,2025,success
site_5263,"Samanpura, Patna - BSPCB",Patna,1D,9,2017,2025,success
site_5981,"Rajiv Nagar, Vijayawada - APPCB",Payikapuram,1D,2,2024,2025,success
site_5997,"SIPCOT Industrial Park, Perundurai - TNPCB",Perundurai,1D,2,2024,2025,success
site_5406,"Bhosari,Pimpri-Chinchwad - IITM",Pimpri-Chinchwad,1D,0,,,success
site_5988,"Bhumkar Nagar, Pimpri-Chinchwad - IITM",Pimpri-Chinchwad,1D,0,,,success
site_5763,"Gavalinagar, Pimpri Chinchwad - MPCB",Pimpri-Chinchwad,1D,4,2017,2025,success
site_5764,"Park Street Wakad, Pimpri Chinchwad - MPCB",Pimpri-Chinchwad,1D,4,2017,2025,success
site_5998,"Savta Mali Nagar, Pimpri-Chinchwad - IITM",Pimpri-Chinchwad,1D,2,2024,2025,success
site_5765,"Thergaon, Pimpri Chinchwad - MPCB",Pimpri-Chinchwad,1D,4,2017,2025,success
site_5408,"Transport Nagar-Nigdi, Pimpri-Chinchwad- IITM",Pimpri-Chinchwad,1D,0,,,success
site_1402,"Sector-2 Industrial Area, Pithampur - MPPCB",Pithampur,1D,9,2017,2025,success
site_5685,"Kanuru, Vijayawada - APPCB",Poranki,1D,9,2017,2025,success
site_5721,"Pragati Nagar, Pratapgarh - RSPCB",Pratapgarh,1D,4,2017,2025,success
site_5461,"Jhunsi, Prayagraj - UPPCB",Prayagraj,1D,9,2017,2025,success
site_5459,"Motilal Nehru NIT, Prayagraj - UPPCB",Prayagraj,1D,9,2017,2025,success
site_5484,"Nagar Nigam, Prayagraj - UPPCB",Prayagraj,1D,9,2017,2025,success
site_5423,"Jawahar Nagar, Puducherry - PPCC",Puducherry,1D,9,2017,2025,success
site_5405,"Alandi, Pimpri-Chinchwad - IITM",Pune,1D,0,,,success
site_6012,"Dhankawadi, Pune - IITM",Pune,1D,1,2025,2025,success
site_5407,"Hadapsar, Pune - IITM",Pune,1D,9,2017,2025,success
site_292,"Karve Road, Pune - MPCB",Pune,1D,11,2015,2025,success
site_5766,"Katraj Dairy, Pune - MPCB",Pune,1D,4,2017,2025,success
site_5410,"MIT-Kothrud, Pune - IITM",Pune,1D,9,2017,2025,success
site_5404,"Mhada Colony, Pune - IITM",Pune,1D,9,2017,2025,success
site_5996,"Panchawati_Pashan, Pune - IITM",Pune,1D,2,2024,2025,success
site_5409,"Revenue Colony-Shivajinagar, Pune - IITM",Pune,1D,9,2017,2025,success
site_5767,"Savitribai Phule Pune University, Pune - MPCB",Pune,1D,4,2017,2025,success
site_5654,"Krishak Nagar, Raipur - CECB",Purena,1D,9,2017,2025,success
site_6069,"Indira Nagar, Raebareli - NTPC Unchahar",Raebareli,1D,0,,,success
site_5414,"Haji Colony, Raichur - KSPCB",Raichur,1D,9,2017,2025,success
site_5652,"AIIMS, Raipur - CECB",Raipur,1D,9,2017,2025,success
site_5655,"Bhatagaon New ISBT, Raipur - CECB",Raipur,1D,9,2017,2025,success
site_5672,"Divisional Forest Office, Rairangpur - OSPCB",Rairangpur,1D,9,2017,2025,success
site_5269,"Deen Dayal Nagar, Sagar - MPPCB",Rajakhedi,1D,9,2017,2025,success
site_5489,"Dangi Tola, Rajgir - BSPCB",Rajgir,1D,9,2017,2025,success
site_6068,"Mavdi, Rajkot - Nexteng Enviro",Rajkot,1D,0,,,success
site_5625,"Chalai Bazaar, Ramanathapuram - TNPCB",Ramanathapuram,1D,9,2017,2025,success
site_5986,"Mahabir Colliery, Asansol - WBPCB",Raniganj,1D,2,2024,2025,success
site_5995,"Trivenidevi Bhalotia College, Asansol - WBPCB",Raniganj,1D,2,2024,2025,success
site_5617,"VOC Nagar_SIPCOT, Ranipet - TNPCB",Ranipet,1D,9,2017,2025,success
site_1538,"Ratanpura, Rupnagar - Ambuja Cements",Ratanpura,1D,9,2017,2025,success
site_5042,"Shasthri Nagar, Ratlam - IPCA Lab",Ratlam,1D,9,2017,2025,success
site_5597,"IITH Kandi, Hyderabad - TSPCB",Regional,1D,9,2017,2025,success
site_6062,"Khrew, Pampore - JKPCC",Regional,1D,1,2025,2025,success
site_5703,"Shivaji Nagar, Rishikesh - UKPCB",Rishikesh,1D,4,2017,2025,success
site_5482,"Rohta, Agra - UPPCB",Rohta,1D,9,2017,2025,success
site_5675,"Raghunathpali, Rourkela - OSPCB",Rourkela,1D,9,2017,2025,success
site_5688,"Sector-2, Rourkela - OSPCB",Rourkela,1D,9,2017,2025,success
site_6092,"SRM University, Modinagar - UPPCB",Sadabad Jakhaiva,1D,0,,,success
site_5662,"Civil Lines, Sagar - MPPCB",Sagar,1D,9,2017,2025,success
site_5551,"Police Line, Saharsa - BSPCB",Saharsa,1D,9,2017,2025,success
site_5068,"Sahilara, Maihar - KJS Cements",Sahilara,1D,9,2017,2025,success
site_5622,"Sona College of Technology, Salem - TNPCB",Salem,1D,9,2017,2025,success
site_5552,"DM Office_Kasipur, Samastipur - BSPCB",Samastipur,1D,9,2017,2025,success
site_5485,"Dada Peer, Sasaram - BSPCB",Sasaram,1D,9,2017,2025,success
site_147,"MD University, Rohtak - HSPCB",Sasroli,1D,10,2016,2025,success
site_6075,"Koyana Nagar, Satara - MPCB",Satara,1D,0,,,success
site_1433,"Bandhavgar Colony, Satna - Birla Cement",Satna,1D,9,2017,2025,success
site_5716,"Sahu Nagar, Sawai Madhopur - RSPCB",Sawai Madhopur,1D,4,2017,2025,success
site_5596,"ECIL Kapra, Hyderabad - TSPCB",Secunderabad,1D,9,2017,2025,success
site_5600,"Nacharam_TSIIC IALA, Hyderabad - TSPCB",Secunderabad,1D,9,2017,2025,success
site_5611,"Semmandalam, Cuddalore - TNPCB",Semmandalam,1D,9,2017,2025,success
site_5593,"JN Stadium, Shillong - Meghalaya PCB",Shillong,1D,9,2017,2025,success
site_5131,"Lumpyngngad, Shillong - Meghalaya PCB",Shillong,1D,9,2017,2025,success
site_5266,"Vinoba Nagara, Shivamogga - KSPCB",Shivamogga,1D,9,2017,2025,success
site_5673,"Tata Township, Bileipada - OSPCB",Sialijoda,1D,9,2017,2025,success
site_5722,"Radhakishan Pura, Sikar - RSPCB",Sikar,1D,4,2017,2025,success
site_5684,"Tarapur, Silchar - PCBA",Silchar,1D,9,2017,2025,success
site_1419,"Ward-32 Bapupara, Siliguri - WBPCB",Siliguri,1D,9,2017,2025,success
site_5705,"Vedhaynath Colony, Sirohi - RSPCB",Sirohi,1D,4,2017,2025,success
site_5051,"F-Block, Sirsa - HSPCB",Sirsa,1D,9,2017,2025,success
site_5658,"Girls College, Sivasagar - PCBA",Sivasagar,1D,9,2017,2025,success
site_5553,"Chitragupta Nagar, Siwan - BSPCB",Siwan,1D,9,2017,2025,success
site_5777,"Dnyaneshwar Nagar, Solapur - MPCB",Solapur,1D,4,2017,2025,success
site_5776,"Ratandeep Housing Society, Solapur - MPCB",Solapur,1D,4,2017,2025,success
site_302,"Solapur, Solapur - MPCB",Solapur,1D,10,2016,2025,success
site_5669,"Central Academy for SFS, Byrnihat - PCBA",Sonai N.C.,1D,9,2017,2025,success
site_5626,"Bharathidasan University, Palkalaiperur - TNPCB",Sooriyur,1D,9,2017,2025,success
site_5719,"Old City, Sri Ganganagar - RSPCB",Sri Ganganagar,1D,4,2017,2025,success
site_6010,"Police Line, Sri Vijaya Puram - ANPCC",Sri Vijaya Puram,1D,1,2025,2025,success
site_6061,"Khunmoh, Srinagar - JKPCC",Srinagar,1D,1,2025,2025,success
site_5424,"Rajbagh, Srinagar - JKPCC",Srinagar,1D,1,2025,2025,success
site_5676,"OMC Colony, Suakati - OSPCB",Suakati,1D,9,2017,2025,success
site_5816,"Suhagi, Jabalpur - JMC",Suhagi,1D,4,2017,2025,success
site_6066,"Katargam, Surat - Nexteng Enviro",Surat,1D,1,2025,2025,success
site_5664,"Science Center, Surat - SMC",Surat,1D,9,2017,2025,success
site_1408,"Talcher Coalfields,Talcher - OSPCB",Talcher,1D,9,2017,2025,success
site_5677,"Barsua Iron Ore Mines, Tensa - OSPCB",Tensa,1D,9,2017,2025,success
site_305,"Pimpleshwar Mandir, Kalyan - MPCB",Thane,1D,2,2016,2025,success
site_5800,"Upvan Fort, Thane - MPCB",Thane,1D,4,2017,2025,success
site_5610,"Parisutham Nagar, Thanjavur - TNPCB",Thanjavur,1D,9,2017,2025,success
site_5331,"Kariavattom, Thiruvananthapuram - Kerala PCB",Thiruvananthapuram,1D,9,2017,2025,success
site_252,"Plammoodu, Thiruvananthapuram - Kerala PCB",Thiruvananthapuram,1D,9,2017,2025,success
site_5367,"Meelavittan, Thoothukudi - TNPCB",Thoothukudi,1D,9,2017,2025,success
site_5390,"Corporation Ground, Thrissur - Kerala PCB",Thrissur,1D,9,2017,2025,success
site_5503,"Mangala, Bilaspur - NTPC",Tilak Nagar,1D,9,2017,2025,success
site_5630,"St Joseph College, Tiruchirappalli - TNPCB",Tiruchirappalli,1D,9,2017,2025,success
site_5609,"Municipal Corporation Office, Tirunelveli - TNPCB",Tirunelveli,1D,9,2017,2025,success
site_258,"Toll Gate, Tirumala - APPCB",Tirupati Urban,1D,2,2016,2025,success
site_5607,"Kumaran College, Tirupur - TNPCB",Tiruppur,1D,9,2017,2025,success
site_5702,"Shastri Nagar, Tonk - RSPCB",Tonk,1D,4,2017,2025,success
site_5591,"Manipur University, Imphal - Manipur PCB",Torban,1D,9,2017,2025,success
site_5682,"Thimmalapura, Tumakuru - KSPCB",Tumakur,1D,9,2017,2025,success
site_5692,"OP Jindal Industrial Park, Tumidih - CECB",Tumidih,1D,9,2017,2025,success
site_5433,"Brahmagiri, Udupi - KSPCB",Udupi,1D,9,2017,2025,success
site_1400,"Mahakaleshwar Temple, Ujjain - MPPCB",Ujjain,1D,9,2017,2025,success
site_6063,"Mahashweta Nagar, Ujjain - MPPCB",Ujjain,1D,1,2025,2025,success
site_5812,"Sidhi Vinayak Nagar, Ulhasnagar - MPCB",Ulhasnagar,1D,4,2017,2025,success
site_6083,"Vithalwadi, Ulhasnagar - MPCB",Ulhasnagar,1D,1,2025,2025,success
site_6065,"Bapunagar, Vadodara - Nexteng Enviro",Vadodara,1D,1,2025,2025,success
site_5274,"GIDC, Nandesari - Nandesari Ind. Association",Vadodara,1D,9,2017,2025,success
site_5605,"Crescent University, Chengalpattu - TNPCB",Vandalur,1D,9,2017,2025,success
site_5071,"Phase-1 GIDC, Vapi - GPCB",Vapi,1D,9,2017,2025,success
site_273,"Ardhali Bazar, Varanasi - UPPCB",Varanasi,1D,17,2009,2025,success
site_5469,"Bhelupur, Varanasi - UPPCB",Varanasi,1D,9,2017,2025,success
site_5468,"IESD Banaras Hindu University, Varanasi - UPPCB",Varanasi,1D,9,2017,2025,success
site_5475,"Maldahiya, Varanasi - UPPCB",Varanasi,1D,9,2017,2025,success
site_5808,"Bolinj, Virar - MPCB",Vasai-Virar,1D,4,2017,2025,success
site_5102,"Vasai West, Mumbai - MPCB",Vasai-Virar,1D,9,2017,2025,success
site_5457,"IIPHG Lekawada, Gandhinagar - IITM",Vayushaktinagar,1D,9,2017,2025,success
site_1406,"Secretariat, Amaravati - APPCB",Velgapudi,1D,9,2017,2025,success
site_5615,"Vasanthapuram, Vellore - TNPCB",Vellore,1D,9,2017,2025,success
site_1399,"Anand Kala Kshetram, Rajamahendravaram - APPCB",Vemuluru,1D,9,2017,2025,success
site_5267,"Ibrahimpur, Vijayapura - KSPCB",Vijayapura,1D,9,2017,2025,success
site_5848,"HB Colony, Vijayawada - APPCB",Vijayawada,1D,3,2023,2025,success
site_257,"PWD Grounds, Vijayawada - APPCB",Vijayawada,1D,9,2017,2025,success
site_5849,"Rajiv Gandhi Park, Vijayawada - APPCB",Vijayawada,1D,3,2023,2025,success
site_260,"GVM Corporation, Visakhapatnam - APPCB",Visakhapatnam,1D,10,2016,2025,success
site_5483,"Omex Eternity, Vrindavan - UPPCB",Vrindavan,1D,9,2017,2025,success
site_198,"More Chowk Waluj, Aurangabad - MPCB",Waladgaon,1D,10,2016,2025,success
site_5254,"Collector Office, Yadgir - KSPCB",Yadgiri,1D,9,2017,2025,success
site_5046,"Gobind Pura, Yamuna Nagar - HSPCB",Yamuna Nagar,1D,9,2017,2025,success
site_306,"Manali, Chennai - CPCB",manali,1D,17,2009,2025,success
site_5720,"Jhalamand, Jodhpur - RSPCB",जोधपुर,1D,4,2017,2025,success
site_5797,"Kasarvadavali, Thane - MPCB",ठाणे,1D,4,2017,2025,success
site_5774,"Vijay Nagar, Sangli - MPCB",Adi,1H,4,2017,2025,success
site_5587,"Bardowali, Agartala - Tripura SPCB",Agartala,1H,9,2017,2025,success
site_5377,"Kunjaban, Agartala - Tripura SPCB",Agartala,1H,9,2017,2025,success
site_5464,"Manoharpur, Agra - UPPCB",Agra,1H,9,2017,2025,success
site_307,"Sanjay Palace, Agra - UPPCB",Agra,1H,10,2016,2025,success
site_5465,"Sector-3B Avas Vikas Colony, Agra - UPPCB",Agra,1H,9,2017,2025,success
site_5501,"Shahjahan Garden, Agra - UPPCB",Agra,1H,9,2017,2025,success
site_5463,"Shastripuram, Agra - UPPCB",Agra,1H,9,2017,2025,success
site_5785,"Tarakpur, Ahmednagar - MPCB",Ahilyanagar,1H,4,2017,2025,success
site_5453,"Chandkheda, Ahmedabad - IITM",Ahmedabad,1H,9,2017,2025,success
site_5450,"Gyaspur, Ahmedabad - IITM",Ahmedabad,1H,9,2017,2025,success
site_308,"Maninagar, Ahmedabad - GPCB",Ahmedabad,1H,17,2009,2025,success
site_5067,"Phase-4 GIDC, Vatva - GPCB",Ahmedabad,1H,9,2017,2025,success
site_5452,"Raikhad, Ahmedabad - IITM",Ahmedabad,1H,9,2017,2025,success
site_5451,"Rakhial, Ahmedabad - IITM",Ahmedabad,1H,9,2017,2025,success
site_5454,"SAC ISRO Bopal, Ahmedabad - IITM",Ahmedabad,1H,9,2017,2025,success
site_5455,"SAC ISRO Satellite, Ahmedabad - IITM",Ahmedabad,1H,9,2017,2025,success
site_5456,"SVPI Airport Hansol, Ahmedabad - IITM",Ahmedabad,1H,9,2017,2025,success
site_5449,"Sardar Vallabhbhai Patel Stadium, Ahmedabad - IITM",Ahmedabad,1H,9,2017,2025,success
site_5346,"Sikulpuikawn, Aizawl - Mizoram PCB",Aizawl,1H,9,2017,2025,success
site_1392,"Civil Lines,  Ajmer - RSPCB",Ajmer,1H,9,2017,2025,success
site_5784,"Ramdaspeth, Akola - MPCB",Akola,1H,4,2017,2025,success
site_5653,"Siltara Phase-II, Raipur - CECB",Akoli-2,1H,9,2017,2025,success
site_5814,"Kherwadi_Bandra East, Mumbai - MPCB",Aliyawar,1H,4,2017,2025,success
site_1390,"Moti Doongri, Alwar - RSPCB",Alwar,1H,9,2017,2025,success
site_5052,"Patti Mehar, Ambala - HSPCB",Ambala,1H,9,2017,2025,success
site_6073,"Chinchpada, Ambernath - MPCB",Ambernath,1H,1,2025,2025,success
site_5786,"Shivneri Colony, Amravati - MPCB",Amravati,1H,4,2017,2025,success
site_5787,"Shri Shivaji Science College, Amravati - MPCB",Amravati,1H,1,2025,2025,success
site_256,"Golden Temple, Amritsar - PPCB",Amritsar,1H,9,2017,2025,success
site_5632,"Gulzarpet, Anantapur - APPCB",Anantapur,1H,9,2017,2025,success
site_5939,"Hakimapada, Angul - OSPCB",Angul,1H,3,2023,2025,success
site_5065,"GIDC, Ankleshwar - GPCB",Ankleshwar,1H,9,2017,2025,success
site_5539,"Kharahiya Basti, Araria - BSPCB",Araria,1H,9,2017,2025,success
site_5538,"New DM Office, Arrah - BSPCB",Arrah,1H,9,2017,2025,success
site_293,"Alandur Bus Depot, Chennai - CPCB",Arul Nagar,1H,17,2009,2025,success
site_1418,"Asansol Court Area, Asansol - WBPCB",Asansol,1H,9,2017,2025,success
site_5985,"Evelyn Lodge, Asansol - WBPCB",Asansol,1H,2,2024,2025,success
site_5544,"Gurdeo Nagar, Aurangabad - BSPCB",Aurangabad,1H,9,2017,2025,success
site_5666,"Vaikuntapuram, Tirupati - APPCB",Avilali,1H,6,2017,2025,success
site_5586,"HIMUDA Complex Phase-1, Baddi - HPPCB",Baddi,1H,9,2017,2025,success
site_5798,"Katrap, Badlapur - MPCB",Badlapur,1H,4,2017,2025,success
site_5264,"Vidayagiri, Bagalkot - KSPCB",Bagalkot,1H,9,2017,2025,success
site_5045,"Arya Nagar, Bahadurgarh - HSPCB",Bahadurgarh,1H,9,2017,2025,success
site_5585,"Sardar Patel Inter College, Baghpat - UPPCB",Bali,1H,9,2017,2025,success
site_5344,"Teri Gram, Gurugram - HSPCB",Bandhwari,1H,9,2017,2025,success
site_5711,"Rati Talai, Banswara - RSPCB",Banswara,1H,4,2017,2025,success
site_5775,"Bamboliya, Baran - RSPCB",Baran,1H,4,2017,2025,success
site_5541,"Mayaganj, Bhagalpur - BSPCB",Barari,1H,9,2017,2025,success
site_5938,"Forest Office, Barbil - OSPCB",Barbil,1H,3,2023,2025,success
site_5628,"Civil Lines, Bareilly - UPPCB",Bareilly,1H,9,2017,2025,success
site_5601,"Rajendra Nagar, Bareilly - UPPCB",Bareilly,1H,9,2017,2025,success
site_5670,"Meher Colony, Baripada - OSPCB",Baripada,1H,6,2017,2025,success
site_5714,"Railway Colony, Barmer - RSPCB",Barmer,1H,4,2017,2025,success
site_5959,"SVSPA Campus, Barrackpore - WBPCB",Barrackpore,1H,3,2023,2025,success
site_1549,"Hardev Nagar, Bathinda - PPCB",Bathinda,1H,9,2017,2025,success
site_6071,"Bir, Beed - MPCB",Beed,1H,1,2025,2025,success
site_5540,"Lohiyanagar, Begusarai - BSPCB",Begusarai,1H,1,2025,2025,success
site_5432,"Ramteerth Nagar, Belgaum - KSPCB",Belagavi,1H,9,2017,2025,success
site_162,"BTM Layout, Bengaluru - CPCB",Bengaluru,1H,17,2009,2025,success
site_164,"BWSSB Kadabesanahalli, Bengaluru - CPCB",Bengaluru,1H,16,2009,2025,success
site_1553,"Bapuji Nagar, Bengaluru - KSPCB",Bengaluru,1H,9,2017,2025,success
site_165,"City Railway Station, Bengaluru - KSPCB",Bengaluru,1H,11,2015,2025,success
site_1554,"Hebbal, Bengaluru - KSPCB",Bengaluru,1H,9,2017,2025,success
site_1555,"Hombegowda Nagar, Bengaluru - KSPCB",Bengaluru,1H,9,2017,2025,success
site_1556,"Jayanagar 5th Block, Bengaluru - KSPCB",Bengaluru,1H,9,2017,2025,success
site_5681,"Kasturi Nagar, Bengaluru - KSPCB",Bengaluru,1H,6,2017,2025,success
site_163,"Peenya, Bengaluru - CPCB",Bengaluru,1H,17,2009,2025,success
site_5678,"RVCE-Mailasandra, Bengaluru - KSPCB",Bengaluru,1H,6,2017,2025,success
site_166,"Sanegurava Halli, Bengaluru - KSPCB",Bengaluru,1H,11,2015,2025,success
site_5686,"Shivapura_Peenya, Bengaluru - KSPCB",Bengaluru,1H,6,2017,2025,success
site_1558,"Silk Board, Bengaluru - KSPCB",Bengaluru,1H,9,2017,2025,success
site_5476,"Kamalnath Nagar, Bettiah - BSPCB",Bettiah,1H,9,2017,2025,success
site_5543,"DM Office_Kachari Chowk, Bhagalpur - BSPCB",Bhagalpur,1H,9,2017,2025,success
site_5695,"Krishna Nagar, Bharatpur - RSPCB",Bharatpur,1H,6,2017,2025,success
site_6064,"Vidhyanagar, Bhavnagar - Nexteng Enviro",Bhavnagar,1H,1,2025,2025,success
site_5660,"32Bungalows, Bhilai - CECB",Bhilai,1H,9,2017,2025,success
site_5536,"Civic Center, Bhilai - Bhilai Steel Plant",Bhilai,1H,9,2017,2025,success
site_5770,"Pratap Nagar, Bhilwara - RSPCB",Bhilwara,1H,4,2017,2025,success
site_1391,"RIICO Ind. Area III, Bhiwadi - RSPCB",Bhiwadi,1H,9,2017,2025,success
site_5982,"Vasundhara Nagar_UIT, Bhiwadi - RSPCB",Bhiwadi,1H,2,2024,2025,success
site_5813,"Gokul Nagar, Bhiwandi - MPCB",Bhiwandi,1H,4,2017,2025,success
site_5047,"H.B. Colony, Bhiwani - HSPCB",Bhiwani,1H,9,2017,2025,success
site_5708,"Idgah Hills, Bhopal - MPPCB",Bhopal,1H,4,2017,2025,success
site_5650,"Paryavaran Parisar, Bhopal - MPPCB",Bhopal,1H,9,2017,2025,success
site_1403,"Sector-D Industrial Area, Mandideep - MPPCB",Bhopal,1H,9,2017,2025,success
site_5247,"T T Nagar, Bhopal - MPPCB",Bhopal,1H,9,2017,2025,success
site_5940,"Lingraj Mandir, Bhubaneswar - OSPCB",Bhubaneswar,1H,3,2023,2025,success
site_5943,"Patia, Bhubaneswar - OSPCB",Bhubaneswar,1H,3,2023,2025,success
site_5418,"Naubad, Bidar - KSPCB",Bidar,1H,9,2017,2025,success
site_5481,"D M Colony, Bihar Sharif - BSPCB",Bihar Sharif,1H,9,2017,2025,success
site_5696,"MM Ground, Bikaner - RSPCB",Bikaner,1H,6,2017,2025,success
site_5689,"Nawapara SECL Colony, Chhal - CECB",Bilaspur Division,1H,6,2017,2025,success
site_1542,"Yamunapuram, Bulandshahr - UPPCB",Bulandshahr,1H,9,2017,2025,success
site_5771,"New Colony, Bundi - RSPCB",Bundi,1H,4,2017,2025,success
site_5542,"Charitra Van, Buxar - BSPCB",Buxar,1H,1,2025,2025,success
site_5942,"Ferro Chrome Colony, Byasanagar - OSPCB",Byasanagar,1H,3,2023,2025,success
site_5999,"15th Mile-Nongthymmai, Byrnihat - Meghalaya PCB",Byrnihat,1H,1,2025,2025,success
site_5491,"Sector 22, Chandigarh - CPCC",Chandigarh,1H,9,2017,2025,success
site_5127,"Sector-25, Chandigarh - CPCC",Chandigarh,1H,9,2017,2025,success
site_5582,"Sector-53, Chandigarh - CPCC",Chandigarh,1H,9,2017,2025,success
site_271,"Chauhan Colony, Chandrapur - MPCB",Chandrapur,1H,4,2017,2025,success
site_5545,"Darshan Nagar, Chhapra - BSPCB",Chapra,1H,9,2017,2025,success
site_5339,"Mini Secretariat, Charkhi Dadri - HSPCB",Charkhi Dadri,1H,9,2017,2025,success
site_5659,"Hathkhoj, Bhilai - CECB",Charoda,1H,9,2017,2025,success
site_5556,"Eco Herbal Park, Moradabad - UPPCB",Chaudharpur,1H,9,2017,2025,success
site_5361,"Arumbakkam, Chennai - TNPCB",Chennai,1H,9,2017,2025,success
site_5365,"Kodungaiyur, Chennai - TNPCB",Chennai,1H,9,2017,2025,success
site_5092,"Manali Village, Chennai - TNPCB",Chennai,1H,9,2017,2025,success
site_5363,"Perungudi, Chennai - TNPCB",Chennai,1H,9,2017,2025,success
site_5364,"Royapuram, Chennai - TNPCB",Chennai,1H,9,2017,2025,success
site_288,"Velachery Res. Area, Chennai - CPCB",Chennai,1H,17,2009,2025,success
site_5788,"MIDC Chilkalthana, Aurangabad - MPCB",Chhatrapati Sambhajinagar,1H,4,2017,2025,success
site_5789,"Rachnakar Colony, Aurangabad - MPCB",Chhatrapati Sambhajinagar,1H,4,2017,2025,success
site_295,"MIDC Khutala, Chandrapur - MPCB",Chichala,1H,10,2016,2025,success
site_1557,"Chikkaballapur Rural, Chikkaballapur - KSPCB",Chikkaballapur,1H,9,2017,2025,success
site_5265,"Kalyana Nagara, Chikkamagaluru - KSPCB",Chikkamagaluru,1H,9,2017,2025,success
site_5665,"Gangineni Cheruvu, Chittoor - APPCB",Chittoor,1H,6,2017,2025,success
site_5712,"Shastri Nagar, Chittorgarh - RSPCB",Chittorgarh,1H,4,2017,2025,success
site_5699,"Subash Chowk, Churu - RSPCB",Churu,1H,4,2017,2025,success
site_5623,"PSG College of Arts and Science, Coimbatore - TNPCB",Coimbatore,1H,9,2017,2025,success
site_5094,"SIDCO Kurichi, Coimbatore - TNPCB",Coimbatore,1H,9,2017,2025,success
site_5941,"CDA Area, Cuttack - OSPCB",Cuttack,1H,3,2023,2025,success
site_5040,"Shrivastav Colony, Damoh - MPPCB",Damoh,1H,9,2017,2025,success
site_5477,"Town Hall - Lal Bagh, Darbhanga - BSPCB",Darbhanga,1H,9,2017,2025,success
site_5713,"Khatikan Mohalla, Dausa - RSPCB",Dausa,1H,4,2017,2025,success
site_5422,"Devaraj Urs Badavane, Davanagere - KSPCB",Davangere,1H,9,2017,2025,success
site_5594,"Doon University, Dehradun - UKPCB",Dehradun,1H,9,2017,2025,success
site_5024,"Alipur, Delhi - DPCC",Delhi,1H,9,2017,2025,success
site_301,"Anand Vihar, Delhi - DPCC",Delhi,1H,17,2009,2025,success
site_1420,"Ashok Vihar, Delhi - DPCC",Delhi,1H,9,2017,2025,success
site_1560,"Bawana, Delhi - DPCC",Delhi,1H,9,2017,2025,success
site_104,"Burari Crossing, Delhi - IITM",Delhi,1H,9,2017,2025,success
site_5393,"Chandni Chowk, Delhi - IITM",Delhi,1H,9,2017,2025,success
site_1422,"Dwarka-Sector 8, Delhi - DPCC",Delhi,1H,0,,,success
site_1423,"Jahangirpuri, Delhi - DPCC",Delhi,1H,9,2017,2025,success
site_6077,"NSUT Jaffarpur, Delhi - DPCC",Delhi,1H,1,2025,2025,success
site_1427,"Najafgarh, Delhi - DPCC",Delhi,1H,9,2017,2025,success
site_1426,"Narela, Delhi - DPCC",Delhi,1H,9,2017,2025,success
site_1431,"Patparganj, Delhi - DPCC",Delhi,1H,9,2017,2025,success
site_125,"Punjabi Bagh, Delhi - DPCC",Delhi,1H,17,2009,2025,success
site_1563,"Pusa, Delhi - DPCC",Delhi,1H,9,2017,2025,success
site_1430,"Rohini, Delhi - DPCC",Delhi,1H,9,2017,2025,success
site_1434,"Wazirpur, Delhi - DPCC",Delhi,1H,9,2017,2025,success
site_1404,"Bhopal Chauraha, Dewas - MPPCB",Dewas,1H,9,2017,2025,success
site_6094,"Pali Dungra, Mathura - UPPCB",Dhakpura,1H,0,,,success
site_5827,"Kalakusuma, Dhanbad - DMC",Dhanbad,1H,4,2017,2025,success
site_5710,"Sardar Patel Nagar, Dhanbad - JSPCB",Dhanbad,1H,4,2017,2025,success
site_5044,"Municipal Corporation Office, Dharuhera -  HSPCB",Dharuhera,1H,9,2017,2025,success
site_5718,"Dhoinda, Rajsamand - RSPCB",Dhoinda,1H,4,2017,2025,success
site_5700,"Raja Ganj, Dholpur - RSPCB",Dholpur,1H,4,2017,2025,success
site_5801,"Deopur, Dhule - MPCB",Dhule,1H,4,2017,2025,success
site_5608,"Mendonsa Colony, Dindigul - TNPCB",Dindigul,1H,9,2017,2025,success
site_5250,"Gole Bazar, Katni - MPPCB",Diwari,1H,9,2017,2025,success
site_5850,"Bhoiwada, Dungarpur - RSPCB",Dungarpur,1H,3,2023,2025,success
site_6008,"Mahishkapur Road_B-Zone, Durgapur - WBPCB",Durgapur,1H,2,2024,2025,success
site_5983,"PCBL Residential Complex, Durgapur - WBPCB",Durgapur,1H,2,2024,2025,success
site_299,"Womens College_City Center, Durgapur - WBPCB",Durgapur,1H,1,2025,2025,success
site_6086,"District Court, Eluru - APPCB",Eluru,1H,1,2025,2025,success
site_5618,"Gandhi Nagar_Ennore, Chennai - TNPCB",Ennore,1H,9,2017,2025,success
site_5105,"Udyogamandal, Eloor - Kerala PCB",Ernakulam,1H,9,2017,2025,success
site_5270,"Vyttila, Kochi - Kerala PCB",Ernakulam,1H,9,2017,2025,success
site_5128,"Gomti Nagar, Lucknow - UPPCB",Ext,1H,9,2017,2025,success
site_5060,"Nathu Colony, Ballabgarh - HSPCB",Faridabad,1H,9,2017,2025,success
site_5340,"New Industrial Town, Faridabad - HSPCB",Faridabad,1H,9,2017,2025,success
site_5342,"Sector 11, Faridabad - HSPCB",Faridabad,1H,9,2017,2025,success
site_5341,"Sector 30, Faridabad - HSPCB",Faridabad,1H,9,2017,2025,success
site_263,"Sector- 16A, Faridabad - HSPCB",Faridabad,1H,17,2009,2025,success
site_5054,"Huda Sector, Fatehabad - HSPCB",Fatehabad,1H,9,2017,2025,success
site_255,"RIMT University, Mandi Gobindgarh - PPCB",Fatehgarh Sahib,1H,9,2017,2025,success
site_6096,"Dadupura, Fatehpur Sikri - UPPCB",Fatehpur Sikri,1H,0,,,success
site_5480,"Nagla Bhau, Firozabad - UPPCB",Firozabad,1H,9,2017,2025,success
site_5584,"Vibhab Nagar, Firozabad - UPPCB",Firozabad,1H,9,2017,2025,success
site_5419,"Panchal Nagar, Gadag - KSPCB",Gadag-Betageri,1H,9,2017,2025,success
site_5458,"GIFT City, Gandhinagar - IITM",Gandhinagar,1H,9,2017,2025,success
site_5066,"Sector-10, Gandhinagar - GPCB",Gandhinagar,1H,9,2017,2025,success
site_5590,"Zero Point GICI, Gangtok - SSPCB",Gangtok,1H,9,2017,2025,success
site_159,"Collectorate, Gaya - BSPCB",Gaya,1H,11,2015,2025,success
site_5548,"Kareemganj, Gaya - BSPCB",Gaya,1H,9,2017,2025,success
site_5657,"Urja Nagar, Korba - CECB",Gevra,1H,9,2017,2025,success
site_6088,"Govindpuram, Ghaziabad - UPPCB",Ghaziabad,1H,0,,,success
site_5082,"Indirapuram, Ghaziabad - UPPCB",Ghaziabad,1H,9,2017,2025,success
site_5083,"Loni, Ghaziabad - UPPCB",Ghaziabad,1H,9,2017,2025,success
site_5081,"Sanjay Nagar, Ghaziabad - UPPCB",Ghaziabad,1H,9,2017,2025,success
site_144,"Vasundhara, Ghaziabad - UPPCB",Ghaziabad,1H,9,2017,2025,success
site_6091,"Ved Vihar-Loni, Ghaziabad - UPPCB",Ghaziabad,1H,0,,,success
site_5472,"Madan Mohan Malaviya University of Technology, Gorakhpur - UPPCB",Gorakhpur,1H,9,2017,2025,success
site_5549,"Mariam Nagar, Purnia - BSPCB",Goshaingaon,1H,9,2017,2025,success
site_5121,"Knowledge Park - V, Greater Noida - UPPCB",Greater Noida,1H,9,2017,2025,success
site_6084,"Rajendra Nagar North, Guntur - APPCB",Guntur,1H,1,2025,2025,success
site_6011,"Amity University, Panchgaon - IITM",Gurugram,1H,1,2025,2025,success
site_108,"Aya Nagar, Delhi - IITM",Gurugram,1H,9,2017,2025,success
site_5025,"NISE Gwal Pahari, Gurugram - IITM",Gurugram,1H,9,2017,2025,success
site_5039,"Sector-2 IMT, Manesar - HSPCB",Gurugram,1H,9,2017,2025,success
site_5345,"Sector-51, Gurugram - HSPCB",Gurugram,1H,9,2017,2025,success
site_146,"Vikas Sadan, Gurugram - HSPCB",Gurugram,1H,9,2017,2025,success
site_5651,"IITG, Guwahati - PCBA",Guwahati,1H,9,2017,2025,success
site_5683,"LGBI Airport, Guwahati - PCBA",Guwahati,1H,6,2017,2025,success
site_5417,"Pan Bazaar, Guwahati - PCBA",Guwahati,1H,9,2017,2025,success
site_5073,"Railway Colony, Guwahati - PCBA",Guwahati,1H,9,2017,2025,success
site_5273,"City Center, Gwalior - MPPCB",Gwalior,1H,9,2017,2025,success
site_5667,"Deen Dayal Nagar, Gwalior - MPPCB",Gwalior,1H,6,2017,2025,success
site_5661,"Maharaj Bada, Gwalior - MPPCB",Gwalior,1H,9,2017,2025,success
site_5275,"Phool Bagh, Gwalior - Mondelez Ind. Food",Gwalior,1H,9,2017,2025,success
site_5337,"Industrial Area, Hajipur - BSPCB",Hajipur Industrial Area,1H,9,2017,2025,success
site_300,"Priyambada Housing Estate, Haldia - WBPCB",Haldia,1H,6,2015,2025,success
site_5255,"Vijay Nagar, Ramanagara - KSPCB",Hallimala,1H,9,2017,2025,success
site_5715,"Housing Board, Hanumangarh - RSPCB",Hanumangarh,1H,4,2017,2025,success
site_5023,"Anand Vihar, Hapur - UPPCB",Hapur,1H,9,2017,2025,success
site_5448,"B.Katihalli, Hassan - KSPCB",Hassan,1H,9,2017,2025,success
site_5687,"Fertilizer Township, Rourkela - OSPCB",Hatibandha,1H,6,2017,2025,success
site_5420,"Ashwini Nagar, Haveri - KSPCB",Haveri,1H,9,2017,2025,success
site_6072,"Ashta Vinayak Nagar, Hingoli - MPCB",Hingoli,1H,1,2025,2025,success
site_5057,"Urban Estate-II, Hisar - HSPCB",Hisar,1H,9,2017,2025,success
site_5612,"SIPCOT Phase-1, Hosur - TNPCB",Hosur,1H,9,2017,2025,success
site_5101,"Belur Math, Howrah - WBPCB",Howrah,1H,9,2017,2025,success
site_5989,"Botanical Garden, Howrah - WBPCB",Howrah,1H,2,2024,2025,success
site_6009,"Dasnagar, Howrah - WBPCB",Howrah,1H,2,2024,2025,success
site_274,"Ghusuri, Howrah - WBPCB",Howrah,1H,10,2016,2025,success
site_1416,"Padmapukur, Howrah - WBPCB",Howrah,1H,9,2017,2025,success
site_1447,"Deshpande Nagar, Hubballi - KSPCB",Hubballi,1H,9,2017,2025,success
site_5638,"Kalabhavan, Dharwad - KSPCB",Hubballi,1H,9,2017,2025,success
site_5680,"Lingaraj Nagar, Hubballi - KSPCB",Hubballi,1H,6,2017,2025,success
site_199,"Bollaram Industrial Area, Hyderabad - TSPCB",Hyderabad,1H,9,2017,2025,success
site_262,"Central University, Hyderabad - TSPCB",Hyderabad,1H,9,2017,2025,success
site_275,"IDA Pashamylaram, Hyderabad - TSPCB",Hyderabad,1H,10,2016,2025,success
site_5604,"Kokapet, Hyderabad - TSPCB",Hyderabad,1H,9,2017,2025,success
site_5599,"Kompally Municipal Office, Hyderabad - TSPCB",Hyderabad,1H,9,2017,2025,success
site_5595,"New Malakpet, Hyderabad - TSPCB",Hyderabad,1H,9,2017,2025,success
site_5602,"Ramachandrapuram, Hyderabad - TSPCB",Hyderabad,1H,9,2017,2025,success
site_294,"Sanathnagar, Hyderabad - TSPCB",Hyderabad,1H,17,2009,2025,success
site_5598,"Somajiguda, Hyderabad - TSPCB",Hyderabad,1H,9,2017,2025,success
site_298,"Zoo Park, Hyderabad - TSPCB",Hyderabad,1H,11,2015,2025,success
site_5592,"DM College of Science, Imphal - Manipur PCB",Imphal,1H,9,2017,2025,success
site_5857,"Airport Area, Indore - IMC",Indore,1H,3,2023,2025,success
site_5856,"Maguda Nagar, Indore - IMC",Indore,1H,3,2023,2025,success
site_5855,"Regional Park, Indore - IMC",Indore,1H,3,2023,2025,success
site_5854,"Residency Area, Indore - IMC",Indore,1H,3,2023,2025,success
site_5709,"Vijay Nagar Scheme-78, Indore - Glenmark",Indore,1H,4,2017,2025,success
site_5965,"Govindh Bhavan Colony, Jabalpur - JMC",Jabalpur,1H,3,2023,2025,success
site_5817,"Gupteshwar, Jabalpur - JMC",Jabalpur,1H,4,2017,2025,success
site_5249,"Marhatal, Jabalpur - MPPCB",Jabalpur,1H,9,2017,2025,success
site_1393,"Adarsh Nagar, Jaipur - RSPCB",Jaipur,1H,9,2017,2025,success
site_5725,"Mansarovar Sector-12, Jaipur - RSPCB",Jaipur,1H,4,2017,2025,success
site_134,"Police Commissionerate, Jaipur - RSPCB",Jaipur,1H,9,2017,2025,success
site_5728,"RIICO Sitapura, Jaipur - RSPCB",Jaipur,1H,4,2017,2025,success
site_5727,"Sector-2 Murlipura, Jaipur - RSPCB",Jaipur,1H,4,2017,2025,success
site_1396,"Shastri Nagar, Jaipur - RSPCB",Jaipur,1H,9,2017,2025,success
site_5772,"Sadar Bazar, Jaisalmer - RSPCB",Jaisalmer,1H,4,2017,2025,success
site_1438,"Civil Line, Jalandhar - PPCB",Jalandhar,1H,9,2017,2025,success
site_5790,"Prabhat Colony, Jalgaon - MPCB",Jalgaon,1H,4,2017,2025,success
site_5791,"Old MIDC, Jalna - MPCB",Jalna,1H,4,2017,2025,success
site_5851,"Mudtra Sili, Jalore - RSPCB",Jalore,1H,3,2023,2025,success
site_5937,"Kalidaspur, Balasore - OSPCB",Januganj,1H,3,2023,2025,success
site_1401,"Suryakiran Bhawan NCL, Singrauli - MPPCB",Jayant,1H,9,2017,2025,success
site_5724,"Rajlaxmi Nagar, Jhalawar - RSPCB",Jhalawar,1H,4,2017,2025,success
site_5583,"Shivaji Nagar, Jhansi - UPPCB",Jhansi,1H,9,2017,2025,success
site_5717,"Indra Nagar, Jhunjhunu - RSPCB",Jhunjhunu,1H,4,2017,2025,success
site_5729,"Jigani, Bengaluru - KSPCB",Jigani,1H,4,2017,2025,success
site_5056,"Police Lines, Jind - HSPCB",Jind,1H,9,2017,2025,success
site_136,"Collectorate, Jodhpur - RSPCB",Jodhpur,1H,11,2015,2025,success
site_5726,"Digari Kalan, Jodhpur - RSPCB",Jodhpur,1H,4,2017,2025,success
site_5773,"Mandor, Jodhpur - RSPCB",Jodhpur,1H,4,2017,2025,success
site_5694,"Samrat Ashok Udhyan, Jodhpur - RSPCB",Jodhpur,1H,6,2017,2025,success
site_254,"Tata Stadium, Jorapokhar - JSPCB",Jorapokhar,1H,9,2017,2025,success
site_5693,"Yerramukkapalli, Kadapa - APPCB",Kadapa,1H,6,2017,2025,success
site_5072,"Rishi Nagar, Kaithal - HSPCB",Kaithal,1H,9,2017,2025,success
site_1565,"Lal Bahadur Shastri Nagar, Kalaburagi - KSPCB",Kalaburagi,1H,9,2017,2025,success
site_5679,"Mahatma Basaveswar Colony, Kalaburgi - KSPCB",Kalaburagi,1H,6,2017,2025,success
site_6082,"Kalu Nagar, Dombivli - MPCB",Kalyan,1H,1,2025,2025,success
site_5118,"Khadakpada, Kalyan - MPCB",Kalyan,1H,9,2017,2025,success
site_5783,"Kamble Tarf Birwadi, Mahad - MPCB",Kamble Tarf Birwadi,1H,4,2017,2025,success
site_5276,"Thavakkara, Kannur - Kerala PCB",Kannur,1H,9,2017,2025,success
site_5500,"FTI Kidwai Nagar, Kanpur - UPPCB",Kanpur,1H,9,2017,2025,success
site_5416,"IITK, Kanpur - IITK",Kanpur,1H,8,2017,2025,success
site_5474,"NSI Kalyanpur, Kanpur - UPPCB",Kanpur,1H,9,2017,2025,success
site_276,"Nehru Nagar, Kanpur - UPPCB",Kanpur,1H,17,2009,2025,success
site_5723,"Satyawati Vihar, Karauli - RSPCB",Karauli,1H,4,2017,2025,success
site_5125,"Hebbal 1st Stage, Mysuru - KSPCB",KarimuddanaHalli,1H,9,2017,2025,success
site_5049,"Sector-12, Karnal - HSPCB",Karnal,1H,9,2017,2025,success
site_5627,"Kamadenu Nagar, Karur - TNPCB",Karur,1H,9,2017,2025,success
site_5853,"KHB Colony, Karwar - KSPCB",Karwar,1H,3,2023,2025,success
site_5704,"Govt. Girls Inter College, Kashipur - UKPCB",Kashipur,1H,4,2017,2025,success
site_5546,"Mirchaibari, Katihar - BSPCB",Katihar,1H,9,2017,2025,success
site_5606,"Keelapalur, Ariyalur - TNPCB",Keezhapalur,1H,9,2017,2025,success
site_5674,"Dabuna, Nayagarh - OSPCB",Keonjhar,1H,6,2017,2025,success
site_5671,"Jagamohanpur, Keonjhar - OSPCB",Keonjhar,1H,6,2017,2025,success
site_5809,"Khaira, Boisar - MPCB",Khaira,1H,4,2017,2025,success
site_6090,"New Anaj Mandi, Khairthal - RSPCB",Khairthal,1H,0,,,success
site_5691,"Govt. Higher Secondary School, Milupara - CECB",Khamahari,1H,6,2017,2025,success
site_5547,"SDM Office_Khagra, Kishanganj - BSPCB",Kishanganj,1H,9,2017,2025,success
site_5272,"Kacheripady, Ernakulam - Kerala PCB",Kochi,1H,8,2017,2025,success
site_1397,"Ashok Nagar, Udaipur - RSPCB",Kodiyat,1H,9,2017,2025,success
site_5375,"PWD Junction, Kohima - NPCB",Kohima,1H,1,2025,2025,success
site_1551,"Tamaka Ind. Area, Kolar - KSPCB",Kolar,1H,9,2017,2025,success
site_5768,"Shivaji University, Kolhapur - MPCB",Kolhapur,1H,4,2017,2025,success
site_5769,"Sinchan Bhavan, Kolhapur - MPCB",Kolhapur,1H,4,2017,2025,success
site_5238,"Ballygunge, Kolkata - WBPCB",Kolkata,1H,9,2017,2025,success
site_5129,"Bidhannagar, Kolkata - WBPCB",Kolkata,1H,9,2017,2025,success
site_5110,"Fort William, Kolkata - WBPCB",Kolkata,1H,9,2017,2025,success
site_5111,"Jadavpur, Kolkata - WBPCB",Kolkata,1H,9,2017,2025,success
site_296,"Rabindra Bharati University, Kolkata - WBPCB",Kolkata,1H,10,2016,2025,success
site_5126,"Rabindra Sarobar, Kolkata - WBPCB",Kolkata,1H,9,2017,2025,success
site_309,"Victoria, Kolkata - WBPCB",Kolkata,1H,10,2016,2025,success
site_5334,"Polayathode, Kollam - Kerala PCB",Kollam,1H,9,2017,2025,success
site_5979,"Collectorate Office, Virudhunagar - TNPCB",Kooraikundu,1H,3,2023,2025,success
site_5415,"Diwator Nagar, Koppal - KSPCB",Koppal,1H,9,2017,2025,success
site_5656,"Rampur, Korba - CECB",Korba,1H,9,2017,2025,success
site_5707,"Dhanmandi, Kota - RSPCB",Kota,1H,4,2017,2025,success
site_5701,"Nayapura, Kota - RSPCB",Kota,1H,4,2017,2025,success
site_1394,"Shrinath Puram, Kota - RSPCB",Kota,1H,9,2017,2025,success
site_5271,"Palayam, Kozhikode - Kerala PCB",Kozhikode,1H,9,2017,2025,success
site_1410,"GM Office, Brajrajnagar - OSPCB",Kudaloi,1H,9,2017,2025,success
site_5690,"OP Jindal School, Kunjemura - CECB",Kunjemura,1H,6,2017,2025,success
site_5043,"Sector-7, Kurukshetra - HSPCB",Kurukshetra,1H,9,2017,2025,success
site_5338,"SFTI Kusdihra, Gaya - BSPCB",Kusdihra,1H,9,2017,2025,success
site_5780,"Sawe Wadi, Latur - MPCB",Latur,1H,4,2017,2025,success
site_5460,"B R Ambedkar University, Lucknow - UPPCB",Lucknow,1H,9,2017,2025,success
site_272,"Kendriya Vidyalaya, Lucknow - CPCB",Lucknow,1H,14,2009,2025,success
site_5462,"Kukrail Picnic Spot-1, Lucknow - UPPCB",Lucknow,1H,9,2017,2025,success
site_277,"Lalbagh, Lucknow - CPCB",Lucknow,1H,17,2009,2025,success
site_1405,"Nishant Ganj, Lucknow - UPPCB",Lucknow,1H,9,2017,2025,success
site_297,"Talkatora District Industries Center, Lucknow - CPCB",Lucknow,1H,17,2009,2025,success
site_253,"Punjab Agricultural University, Ludhiana - PPCB",Ludhiana,1H,9,2017,2025,success
site_1450,"Kalal Majra, Khanna - PPCB",Machhiwara Sahib,1H,9,2017,2025,success
site_6085,"Srinivas Nagar Colony, Machilipatnam - APPCB",Machilipatnam Rural,1H,1,2025,2025,success
site_5391,"Stuart Hill, Madikeri - KSPCB",Madikeri,1H,9,2017,2025,success
site_5550,"Forest Rest House, Manguraha - BSPCB",Maguraha,1H,9,2017,2025,success
site_5802,"Mahesh Nagar, Malegaon - MPCB",Malegaon,1H,4,2017,2025,success
site_5055,"General Hospital, Mandikhera(Nuh) - HSPCB",Mandikhera,1H,1,2025,2025,success
site_5421,"Kadri, Mangalore - KSPCB",Mangaluru,1H,9,2017,2025,success
site_5258,"Ganga Nagar, Meerut - UPPCB",Meerut,1H,9,2017,2025,success
site_5109,"Jai Bhim Nagar, Meerut - UPPCB",Meerut,1H,9,2017,2025,success
site_6093,"MIET College, Meerut - UPPCB",Meerut,1H,0,,,success
site_5257,"Pallavpuram Phase 2, Meerut - UPPCB",Meerut,1H,9,2017,2025,success
site_5603,"Kalindi Kunj, Khurja - UPPCB",Meerut Division,1H,9,2017,2025,success
site_1569,"New Collectorate, Baghpat - UPPCB",Meerut Division,1H,9,2017,2025,success
site_6067,"Sadanand Nagar, Mehsana - Nexteng Enviro",Mehsana,1H,1,2025,2025,success
site_5619,"Kilambi, Kanchipuram - TNPCB",Melambi,1H,9,2017,2025,success
site_5248,"Chhoti Gwaltoli, Indore - MPPCB",Mewasjamniya,1H,9,2017,2025,success
site_5806,"Bhayandar West, Mira-Bhayandar - MPCB",Mira Bhayandar,1H,4,2017,2025,success
site_5554,"Buddhi Vihar, Moradabad - UPPCB",Moradabad,1H,9,2017,2025,success
site_5537,"Employment Office, Moradabad - UPPCB",Moradabad,1H,9,2017,2025,success
site_5555,"Jigar Colony, Moradabad - UPPCB",Moradabad,1H,9,2017,2025,success
site_5620,"Kashiram Nagar, Moradabad - UPPCB",Moradabad,1H,9,2017,2025,success
site_1398,"Lajpat Nagar, Moradabad - UPPCB",Moradabad,1H,9,2017,2025,success
site_5613,"Transport Nagar, Moradabad - UPPCB",Moradabad,1H,9,2017,2025,success
site_5478,"Gandak Colony, Motihari - BSPCB",Motihari,1H,9,2017,2025,success
site_5124,"Urban, Chamarajanagar - KSPCB",Mudumalai,1H,9,2017,2025,success
site_5392,"Bandra Kurla Complex, Mumbai - IITM",Mumbai,1H,9,2017,2025,success
site_5810,"Bandra Kurla Complex, Mumbai - MPCB",Mumbai,1H,4,2017,2025,success
site_168,"Bandra, Mumbai - MPCB",Mumbai,1H,11,2015,2025,success
site_5400,"Borivali East, Mumbai - IITM",Mumbai,1H,9,2017,2025,success
site_5113,"Borivali East, Mumbai - MPCB",Mumbai,1H,9,2017,2025,success
site_5960,"Byculla, Mumbai - BMC",Mumbai,1H,3,2023,2025,success
site_5399,"Chakala-Andheri East, Mumbai - IITM",Mumbai,1H,9,2017,2025,success
site_5811,"Chembur, Mumbai - MPCB",Mumbai,1H,4,2017,2025,success
site_5107,"Chhatrapati Shivaji Intl. Airport (T2), Mumbai - MPCB",Mumbai,1H,9,2017,2025,success
site_5120,"Colaba, Mumbai - MPCB",Mumbai,1H,9,2017,2025,success
site_5396,"Deonar, Mumbai - IITM",Mumbai,1H,9,2017,2025,success
site_5964,"Ghatkopar, Mumbai - BMC",Mumbai,1H,3,2023,2025,success
site_5412,"Kandivali East, Mumbai - MPCB",Mumbai,1H,9,2017,2025,success
site_5962,"Kandivali West, Mumbai - BMC",Mumbai,1H,3,2023,2025,success
site_5397,"Khindipada-Bhandup West, Mumbai - IITM",Mumbai,1H,9,2017,2025,success
site_5104,"Kurla, Mumbai - MPCB",Mumbai,1H,9,2017,2025,success
site_5402,"Malad West, Mumbai - IITM",Mumbai,1H,9,2017,2025,success
site_5394,"Mazgaon, Mumbai - IITM",Mumbai,1H,9,2017,2025,success
site_5807,"Mindspace-Malad West, Mumbai - MPCB",Mumbai,1H,4,2017,2025,success
site_5413,"Mulund West, Mumbai - MPCB",Mumbai,1H,9,2017,2025,success
site_5398,"Navy Nagar-Colaba, Mumbai - IITM",Mumbai,1H,9,2017,2025,success
site_5112,"Powai, Mumbai - MPCB",Mumbai,1H,9,2017,2025,success
site_5963,"Sewri, Mumbai - BMC",Mumbai,1H,3,2023,2025,success
site_5961,"Shivaji Nagar, Mumbai - BMC",Mumbai,1H,3,2023,2025,success
site_5403,"Siddharth Nagar-Worli, Mumbai - IITM",Mumbai,1H,9,2017,2025,success
site_5119,"Sion, Mumbai - MPCB",Mumbai,1H,9,2017,2025,success
site_5106,"Vile Parle West, Mumbai - MPCB",Mumbai,1H,9,2017,2025,success
site_5115,"Worli, Mumbai -MPCB",Mumbai,1H,1,2025,2025,success
site_5490,"Town Hall, Munger - BSPCB",Munger,1H,9,2017,2025,success
site_5041,"Murthal, Sonipat - HSPCB",Murthal,1H,9,2017,2025,success
site_1550,"New Mandi, Muzaffarnagar - UPPCB",Muzaffarnagar,1H,9,2017,2025,success
site_5370,"Buddha Colony, Muzaffarpur - BSPCB",Muzaffarpur,1H,9,2017,2025,success
site_5479,"MIT-Daudpur Kothi, Muzaffarpur - BSPCB",Muzaffarpur,1H,9,2017,2025,success
site_158,"Muzaffarpur Collectorate, Muzaffarpur - BSPCB",Muzaffarpur,1H,11,2015,2025,success
site_5706,"Christianpatty, Nagaon - PCBA",Nagaon,1H,4,2017,2025,success
site_5616,"Velippalayam, Nagapattinam - TNPCB",Nagapattinam,1H,9,2017,2025,success
site_5778,"Karni Colony, Nagaur - RSPCB",Nagaur,1H,4,2017,2025,success
site_5792,"Ambazari, Nagpur - MPCB",Nagpur,1H,4,2017,2025,success
site_5796,"Mahal, Nagpur - MPCB",Nagpur,1H,4,2017,2025,success
site_303,"Opp GPO Civil Lines, Nagpur - MPCB",Nagpur,1H,10,2016,2025,success
site_5793,"Ram Nagar, Nagpur - MPCB",Nagpur,1H,4,2017,2025,success
site_5446,"Naharlagun, Naharlagun - APSPCB",Naharlagun,1H,9,2017,2025,success
site_5668,"Bata Chowk, Nalbari - PCBA",Nalbari,1H,6,2017,2025,success
site_5795,"Sneh Nagar, Nanded - MPCB",Nanded,1H,4,2017,2025,success
site_5053,"Shastri Nagar, Narnaul - HSPCB",Narnaul,1H,9,2017,2025,success
site_304,"Gangapur Road, Nashik - MPCB",Nashik,1H,10,2016,2025,success
site_5782,"Hirawadi, Nashik - MPCB",Nashik,1H,4,2017,2025,success
site_5781,"MIDC Ambad, Nashik - MPCB",Nashik,1H,4,2017,2025,success
site_5779,"Pandav Nagari, Nashik - MPCB",Nashik,1H,4,2017,2025,success
site_5978,"SIPCOT Nathampannai, Pudukottai - TNPCB",Nathampannai,1H,3,2023,2025,success
site_261,"Airoli, Navi Mumbai - MPCB",Navi Mumbai,1H,17,2009,2025,success
site_5804,"CBD Belapur, Belapur - MPCB",Navi Mumbai,1H,4,2017,2025,success
site_5805,"Kopripada-Vashi, Navi Mumbai - MPCB",Navi Mumbai,1H,4,2017,2025,success
site_5114,"Mahape, Navi Mumbai - MPCB",Navi Mumbai,1H,9,2017,2025,success
site_5103,"Nerul, Navi Mumbai - MPCB",Navi Mumbai,1H,9,2017,2025,success
site_5815,"Sanpada, Navi Mumbai - MPCB",Navi Mumbai,1H,4,2017,2025,success
site_5401,"Sector-19A Nerul, Navi Mumbai - IITM",Navi Mumbai,1H,9,2017,2025,success
site_6087,"Ambedkar Nagar, Nellore - APPCB",Nellore,1H,0,,,success
site_103,"CRRI Mathura Road, Delhi - IITM",New Delhi,1H,9,2017,2025,success
site_6078,"Cantonment Area, Delhi - DPCC",New Delhi,1H,0,,,success
site_6079,"Commonwealth Sports Complex, Delhi - DPCC",New Delhi,1H,1,2025,2025,success
site_118,"DTU, Delhi - CPCB",New Delhi,1H,17,2009,2025,success
site_1421,"Dr. Karni Singh Shooting Range, Delhi - DPCC",New Delhi,1H,9,2017,2025,success
site_106,"IGI Airport (T3), Delhi - IITM",New Delhi,1H,9,2017,2025,success
site_6080,"IGNOU_Maidan Garhi, Delhi - DPCC",New Delhi,1H,1,2025,2025,success
site_114,"IHBAS, Dilshad Garden, Delhi - CPCB",New Delhi,1H,17,2009,2025,success
site_6060,"IIT Delhi, Delhi - IITM",New Delhi,1H,1,2025,2025,success
site_109,"IMD Lodhi Road, Delhi - IITM",New Delhi,1H,9,2017,2025,success
site_117,"ITO, Delhi - CPCB",New Delhi,1H,17,2009,2025,success
site_6076,"JNU, Delhi - DPCC",New Delhi,1H,1,2025,2025,success
site_1424,"Jawaharlal Nehru Stadium, Delhi - DPCC",New Delhi,1H,9,2017,2025,success
site_5395,"Lodhi Road, Delhi - IITM",New Delhi,1H,9,2017,2025,success
site_1425,"Major Dhyan Chand National Stadium, Delhi - DPCC",New Delhi,1H,9,2017,2025,success
site_122,"Mandir Marg, Delhi - DPCC",New Delhi,1H,17,2009,2025,success
site_1561,"Mundka, Delhi - DPCC",New Delhi,1H,9,2017,2025,success
site_115,"NSIT Dwarka, Delhi - CPCB",New Delhi,1H,17,2009,2025,success
site_1429,"Nehru Nagar, Delhi - DPCC",New Delhi,1H,9,2017,2025,success
site_5852,"New Moti Bagh, Delhi - MHUA",New Delhi,1H,2,2023,2025,success
site_105,"North Campus, DU, Delhi - IITM",New Delhi,1H,9,2017,2025,success
site_1428,"Okhla Phase-2, Delhi - DPCC",New Delhi,1H,9,2017,2025,success
site_107,"Pusa, Delhi - IITM",New Delhi,1H,9,2017,2025,success
site_124,"R K Puram, Delhi - DPCC",New Delhi,1H,17,2009,2025,success
site_113,"Shadipur, Delhi - CPCB",New Delhi,1H,17,2009,2025,success
site_119,"Sirifort, Delhi - CPCB",New Delhi,1H,17,2009,2025,success
site_1432,"Sonia Vihar, Delhi - DPCC",New Delhi,1H,9,2017,2025,success
site_1562,"Sri Aurobindo Marg, Delhi - DPCC",New Delhi,1H,9,2017,2025,success
site_6081,"Talkatora Garden, Delhi - DPCC",New Delhi,1H,1,2025,2025,success
site_1435,"Vivek Vihar, Delhi - DPCC",New Delhi,1H,9,2017,2025,success
site_5614,"Uchapatti, Madurai - TNPCB",Nilaiyur,1H,9,2017,2025,success
site_1541,"Knowledge Park - III, Greater Noida - UPPCB",Noida,1H,9,2017,2025,success
site_6089,"Prashant Garden, Khora - UPPCB",Noida,1H,0,,,success
site_153,"Sector - 125, Noida - UPPCB",Noida,1H,9,2017,2025,success
site_111,"Sector - 62, Noida - IITM",Noida,1H,9,2017,2025,success
site_5123,"Sector-1, Noida - UPPCB",Noida,1H,9,2017,2025,success
site_5122,"Sector-116, Noida - UPPCB",Noida,1H,9,2017,2025,success
site_5624,"Bombay Castel, Ooty - TNPCB",Ooty,1H,9,2017,2025,success
site_5621,"Kudikadu, Cuddalore - TNPCB",Pachchyankuppam,1H,9,2017,2025,success
site_1395,"Indira Colony Vistar, Pali - RSPCB",Pali,1H,9,2017,2025,success
site_5050,"Shyam Nagar, Palwal - HSPCB",Palwal,1H,9,2017,2025,success
site_161,"Sector-6, Panchkula - HSPCB",Panchkula,1H,2,2015,2016,success
site_5048,"Sector-18, Panipat - HSPCB",Panipat,1H,9,2017,2025,success
site_5799,"Sector-2E Kalamboli, Navi Mumbai - MPCB",Panvel,1H,4,2017,2025,success
site_5803,"Tondare-Taloja, Navi Mumbai - MPCB",Panvel,1H,4,2017,2025,success
site_5362,"Anthoni Pillai Nagar, Gummidipoondi - TNPCB",Pappankuppam,1H,9,2017,2025,success
site_6032,"Ponnusamy Nagar, Namakkal - TNPCB",Pappinayakkanpatti,1H,1,2025,2025,success
site_5794,"Masoom Colony, Parbhani - MPCB",Parbhani,1H,4,2017,2025,success
site_251,"ICRISAT Patancheru, Hyderabad - TSPCB",Patancheruvu,1H,9,2017,2025,success
site_5832,"Mohalbani Ghat, Pathardih - DMC",Pathardih,1H,3,2023,2025,success
site_1437,"Model Town, Patiala - PPCB",Patiala,1H,9,2017,2025,success
site_5336,"DRM Office Danapur, Patna - BSPCB",Patna,1H,9,2017,2025,success
site_5335,"Govt. High School Shikarpur, Patna - BSPCB",Patna,1H,9,2017,2025,success
site_157,"IGSC Planetarium Complex, Patna - BSPCB",Patna,1H,11,2015,2025,success
site_5261,"Muradpur, Patna - BSPCB",Patna,1H,9,2017,2025,success
site_5262,"Rajbansi Nagar, Patna - BSPCB",Patna,1H,9,2017,2025,success
site_5263,"Samanpura, Patna - BSPCB",Patna,1H,9,2017,2025,success
site_5981,"Rajiv Nagar, Vijayawada - APPCB",Payikapuram,1H,2,2024,2025,success
site_5997,"SIPCOT Industrial Park, Perundurai - TNPCB",Perundurai,1H,2,2024,2025,success
site_5406,"Bhosari,Pimpri-Chinchwad - IITM",Pimpri-Chinchwad,1H,0,,,success
site_5988,"Bhumkar Nagar, Pimpri-Chinchwad - IITM",Pimpri-Chinchwad,1H,0,,,success
site_5763,"Gavalinagar, Pimpri Chinchwad - MPCB",Pimpri-Chinchwad,1H,4,2017,2025,success
site_5764,"Park Street Wakad, Pimpri Chinchwad - MPCB",Pimpri-Chinchwad,1H,4,2017,2025,success
site_5998,"Savta Mali Nagar, Pimpri-Chinchwad - IITM",Pimpri-Chinchwad,1H,2,2024,2025,success
site_5765,"Thergaon, Pimpri Chinchwad - MPCB",Pimpri-Chinchwad,1H,4,2017,2025,success
site_5408,"Transport Nagar-Nigdi, Pimpri-Chinchwad- IITM",Pimpri-Chinchwad,1H,0,,,success
site_1402,"Sector-2 Industrial Area, Pithampur - MPPCB",Pithampur,1H,9,2017,2025,success
site_5685,"Kanuru, Vijayawada - APPCB",Poranki,1H,6,2017,2025,success
site_5721,"Pragati Nagar, Pratapgarh - RSPCB",Pratapgarh,1H,4,2017,2025,success
site_5461,"Jhunsi, Prayagraj - UPPCB",Prayagraj,1H,9,2017,2025,success
site_5459,"Motilal Nehru NIT, Prayagraj - UPPCB",Prayagraj,1H,9,2017,2025,success
site_5484,"Nagar Nigam, Prayagraj - UPPCB",Prayagraj,1H,9,2017,2025,success
site_5423,"Jawahar Nagar, Puducherry - PPCC",Puducherry,1H,9,2017,2025,success
site_5405,"Alandi, Pimpri-Chinchwad - IITM",Pune,1H,0,,,success
site_6012,"Dhankawadi, Pune - IITM",Pune,1H,1,2025,2025,success
site_5407,"Hadapsar, Pune - IITM",Pune,1H,9,2017,2025,success
site_292,"Karve Road, Pune - MPCB",Pune,1H,11,2015,2025,success
site_5766,"Katraj Dairy, Pune - MPCB",Pune,1H,4,2017,2025,success
site_5410,"MIT-Kothrud, Pune - IITM",Pune,1H,9,2017,2025,success
site_5404,"Mhada Colony, Pune - IITM",Pune,1H,9,2017,2025,success
site_5996,"Panchawati_Pashan, Pune - IITM",Pune,1H,2,2024,2025,success
site_5409,"Revenue Colony-Shivajinagar, Pune - IITM",Pune,1H,9,2017,2025,success
site_5767,"Savitribai Phule Pune University, Pune - MPCB",Pune,1H,4,2017,2025,success
site_5654,"Krishak Nagar, Raipur - CECB",Purena,1H,9,2017,2025,success
site_6069,"Indira Nagar, Raebareli - NTPC Unchahar",Raebareli,1H,0,,,success
site_5414,"Haji Colony, Raichur - KSPCB",Raichur,1H,9,2017,2025,success
site_5652,"AIIMS, Raipur - CECB",Raipur,1H,9,2017,2025,success
site_5655,"Bhatagaon New ISBT, Raipur - CECB",Raipur,1H,9,2017,2025,success
site_5672,"Divisional Forest Office, Rairangpur - OSPCB",Rairangpur,1H,6,2017,2025,success
site_5269,"Deen Dayal Nagar, Sagar - MPPCB",Rajakhedi,1H,9,2017,2025,success
site_5489,"Dangi Tola, Rajgir - BSPCB",Rajgir,1H,9,2017,2025,success
site_6068,"Mavdi, Rajkot - Nexteng Enviro",Rajkot,1H,0,,,success
site_5625,"Chalai Bazaar, Ramanathapuram - TNPCB",Ramanathapuram,1H,9,2017,2025,success
site_5986,"Mahabir Colliery, Asansol - WBPCB",Raniganj,1H,2,2024,2025,success
site_5995,"Trivenidevi Bhalotia College, Asansol - WBPCB",Raniganj,1H,2,2024,2025,success
site_5617,"VOC Nagar_SIPCOT, Ranipet - TNPCB",Ranipet,1H,9,2017,2025,success
site_1538,"Ratanpura, Rupnagar - Ambuja Cements",Ratanpura,1H,9,2017,2025,success
site_5042,"Shasthri Nagar, Ratlam - IPCA Lab",Ratlam,1H,9,2017,2025,success
site_5597,"IITH Kandi, Hyderabad - TSPCB",Regional,1H,9,2017,2025,success
site_6062,"Khrew, Pampore - JKPCC",Regional,1H,1,2025,2025,success
site_5703,"Shivaji Nagar, Rishikesh - UKPCB",Rishikesh,1H,4,2017,2025,success
site_5482,"Rohta, Agra - UPPCB",Rohta,1H,9,2017,2025,success
site_5675,"Raghunathpali, Rourkela - OSPCB",Rourkela,1H,6,2017,2025,success
site_5688,"Sector-2, Rourkela - OSPCB",Rourkela,1H,6,2017,2025,success
site_6092,"SRM University, Modinagar - UPPCB",Sadabad Jakhaiva,1H,0,,,success
site_5662,"Civil Lines, Sagar - MPPCB",Sagar,1H,9,2017,2025,success
site_5551,"Police Line, Saharsa - BSPCB",Saharsa,1H,9,2017,2025,success
site_5068,"Sahilara, Maihar - KJS Cements",Sahilara,1H,9,2017,2025,success
site_5622,"Sona College of Technology, Salem - TNPCB",Salem,1H,9,2017,2025,success
site_5552,"DM Office_Kasipur, Samastipur - BSPCB",Samastipur,1H,9,2017,2025,success
site_5485,"Dada Peer, Sasaram - BSPCB",Sasaram,1H,9,2017,2025,success
site_147,"MD University, Rohtak - HSPCB",Sasroli,1H,10,2016,2025,success
site_6075,"Koyana Nagar, Satara - MPCB",Satara,1H,0,,,success
site_1433,"Bandhavgar Colony, Satna - Birla Cement",Satna,1H,9,2017,2025,success
site_5716,"Sahu Nagar, Sawai Madhopur - RSPCB",Sawai Madhopur,1H,4,2017,2025,success
site_5596,"ECIL Kapra, Hyderabad - TSPCB",Secunderabad,1H,9,2017,2025,success
site_5600,"Nacharam_TSIIC IALA, Hyderabad - TSPCB",Secunderabad,1H,9,2017,2025,success
site_5611,"Semmandalam, Cuddalore - TNPCB",Semmandalam,1H,9,2017,2025,success
site_5593,"JN Stadium, Shillong - Meghalaya PCB",Shillong,1H,9,2017,2025,success
site_5131,"Lumpyngngad, Shillong - Meghalaya PCB",Shillong,1H,9,2017,2025,success
site_5266,"Vinoba Nagara, Shivamogga - KSPCB",Shivamogga,1H,9,2017,2025,success
site_5673,"Tata Township, Bileipada - OSPCB",Sialijoda,1H,6,2017,2025,success
site_5722,"Radhakishan Pura, Sikar - RSPCB",Sikar,1H,4,2017,2025,success
site_5684,"Tarapur, Silchar - PCBA",Silchar,1H,6,2017,2025,success
site_1419,"Ward-32 Bapupara, Siliguri - WBPCB",Siliguri,1H,9,2017,2025,success
site_5705,"Vedhaynath Colony, Sirohi - RSPCB",Sirohi,1H,4,2017,2025,success
site_5051,"F-Block, Sirsa - HSPCB",Sirsa,1H,9,2017,2025,success
site_5658,"Girls College, Sivasagar - PCBA",Sivasagar,1H,9,2017,2025,success
site_5553,"Chitragupta Nagar, Siwan - BSPCB",Siwan,1H,9,2017,2025,success
site_5777,"Dnyaneshwar Nagar, Solapur - MPCB",Solapur,1H,4,2017,2025,success
site_5776,"Ratandeep Housing Society, Solapur - MPCB",Solapur,1H,4,2017,2025,success
site_302,"Solapur, Solapur - MPCB",Solapur,1H,10,2016,2025,success
site_5669,"Central Academy for SFS, Byrnihat - PCBA",Sonai N.C.,1H,6,2017,2025,success
site_5626,"Bharathidasan University, Palkalaiperur - TNPCB",Sooriyur,1H,9,2017,2025,success
site_5719,"Old City, Sri Ganganagar - RSPCB",Sri Ganganagar,1H,4,2017,2025,success
site_6010,"Police Line, Sri Vijaya Puram - ANPCC",Sri Vijaya Puram,1H,1,2025,2025,success
site_6061,"Khunmoh, Srinagar - JKPCC",Srinagar,1H,1,2025,2025,success
site_5424,"Rajbagh, Srinagar - JKPCC",Srinagar,1H,1,2025,2025,success
site_5676,"OMC Colony, Suakati - OSPCB",Suakati,1H,6,2017,2025,success
site_5816,"Suhagi, Jabalpur - JMC",Suhagi,1H,4,2017,2025,success
site_6066,"Katargam, Surat - Nexteng Enviro",Surat,1H,1,2025,2025,success
site_5664,"Science Center, Surat - SMC",Surat,1H,6,2017,2025,success
site_1408,"Talcher Coalfields,Talcher - OSPCB",Talcher,1H,9,2017,2025,success
site_5677,"Barsua Iron Ore Mines, Tensa - OSPCB",Tensa,1H,6,2017,2025,success
site_305,"Pimpleshwar Mandir, Kalyan - MPCB",Thane,1H,2,2016,2025,success
site_5800,"Upvan Fort, Thane - MPCB",Thane,1H,4,2017,2025,success
site_5610,"Parisutham Nagar, Thanjavur - TNPCB",Thanjavur,1H,9,2017,2025,success
site_5331,"Kariavattom, Thiruvananthapuram - Kerala PCB",Thiruvananthapuram,1H,9,2017,2025,success
site_252,"Plammoodu, Thiruvananthapuram - Kerala PCB",Thiruvananthapuram,1H,9,2017,2025,success
site_5367,"Meelavittan, Thoothukudi - TNPCB",Thoothukudi,1H,9,2017,2025,success
site_5390,"Corporation Ground, Thrissur - Kerala PCB",Thrissur,1H,9,2017,2025,success
site_5503,"Mangala, Bilaspur - NTPC",Tilak Nagar,1H,9,2017,2025,success
site_5630,"St Joseph College, Tiruchirappalli - TNPCB",Tiruchirappalli,1H,9,2017,2025,success
site_5609,"Municipal Corporation Office, Tirunelveli - TNPCB",Tirunelveli,1H,9,2017,2025,success
site_258,"Toll Gate, Tirumala - APPCB",Tirupati Urban,1H,2,2016,2025,success
site_5607,"Kumaran College, Tirupur - TNPCB",Tiruppur,1H,9,2017,2025,success
site_5702,"Shastri Nagar, Tonk - RSPCB",Tonk,1H,4,2017,2025,success
site_5591,"Manipur University, Imphal - Manipur PCB",Torban,1H,9,2017,2025,success
site_5682,"Thimmalapura, Tumakuru - KSPCB",Tumakur,1H,6,2017,2025,success
site_5692,"OP Jindal Industrial Park, Tumidih - CECB",Tumidih,1H,6,2017,2025,success
site_5433,"Brahmagiri, Udupi - KSPCB",Udupi,1H,9,2017,2025,success
site_1400,"Mahakaleshwar Temple, Ujjain - MPPCB",Ujjain,1H,9,2017,2025,success
site_6063,"Mahashweta Nagar, Ujjain - MPPCB",Ujjain,1H,1,2025,2025,success
site_5812,"Sidhi Vinayak Nagar, Ulhasnagar - MPCB",Ulhasnagar,1H,4,2017,2025,success
site_6083,"Vithalwadi, Ulhasnagar - MPCB",Ulhasnagar,1H,1,2025,2025,success
site_6065,"Bapunagar, Vadodara - Nexteng Enviro",Vadodara,1H,1,2025,2025,success
site_5274,"GIDC, Nandesari - Nandesari Ind. Association",Vadodara,1H,9,2017,2025,success
site_5605,"Crescent University, Chengalpattu - TNPCB",Vandalur,1H,9,2017,2025,success
site_5071,"Phase-1 GIDC, Vapi - GPCB",Vapi,1H,9,2017,2025,success
site_273,"Ardhali Bazar, Varanasi - UPPCB",Varanasi,1H,17,2009,2025,success
site_5469,"Bhelupur, Varanasi - UPPCB",Varanasi,1H,9,2017,2025,success
site_5468,"IESD Banaras Hindu University, Varanasi - UPPCB",Varanasi,1H,9,2017,2025,success
site_5475,"Maldahiya, Varanasi - UPPCB",Varanasi,1H,9,2017,2025,success
site_5808,"Bolinj, Virar - MPCB",Vasai-Virar,1H,4,2017,2025,success
site_5102,"Vasai West, Mumbai - MPCB",Vasai-Virar,1H,9,2017,2025,success
site_5457,"IIPHG Lekawada, Gandhinagar - IITM",Vayushaktinagar,1H,9,2017,2025,success
site_1406,"Secretariat, Amaravati - APPCB",Velgapudi,1H,9,2017,2025,success
site_5615,"Vasanthapuram, Vellore - TNPCB",Vellore,1H,9,2017,2025,success
site_1399,"Anand Kala Kshetram, Rajamahendravaram - APPCB",Vemuluru,1H,9,2017,2025,success
site_5267,"Ibrahimpur, Vijayapura - KSPCB",Vijayapura,1H,9,2017,2025,success
site_5848,"HB Colony, Vijayawada - APPCB",Vijayawada,1H,3,2023,2025,success
site_257,"PWD Grounds, Vijayawada - APPCB",Vijayawada,1H,9,2017,2025,success
site_5849,"Rajiv Gandhi Park, Vijayawada - APPCB",Vijayawada,1H,3,2023,2025,success
site_260,"GVM Corporation, Visakhapatnam - APPCB",Visakhapatnam,1H,10,2016,2025,success
site_5483,"Omex Eternity, Vrindavan - UPPCB",Vrindavan,1H,9,2017,2025,success
site_198,"More Chowk Waluj, Aurangabad - MPCB",Waladgaon,1H,10,2016,2025,success
site_5254,"Collector Office, Yadgir - KSPCB",Yadgiri,1H,9,2017,2025,success
site_5046,"Gobind Pura, Yamuna Nagar - HSPCB",Yamuna Nagar,1H,9,2017,2025,success
site_306,"Manali, Chennai - CPCB",manali,1H,17,2009,2025,success
site_5720,"Jhalamand, Jodhpur - RSPCB",जोधपुर,1H,4,2017,2025,success
site_5797,"Kasarvadavali, Thane - MPCB",ठाणे,1H,4,2017,2025,success
site_5774,"Vijay Nagar, Sangli - MPCB",Adi,8H,4,2017,2025,success
site_5587,"Bardowali, Agartala - Tripura SPCB",Agartala,8H,9,2017,2025,success
site_5377,"Kunjaban, Agartala - Tripura SPCB",Agartala,8H,9,2017,2025,success
site_5464,"Manoharpur, Agra - UPPCB",Agra,8H,9,2017,2025,success
site_307,"Sanjay Palace, Agra - UPPCB",Agra,8H,10,2016,2025,success
site_5465,"Sector-3B Avas Vikas Colony, Agra - UPPCB",Agra,8H,9,2017,2025,success
site_5501,"Shahjahan Garden, Agra - UPPCB",Agra,8H,9,2017,2025,success
site_5463,"Shastripuram, Agra - UPPCB",Agra,8H,9,2017,2025,success
site_5785,"Tarakpur, Ahmednagar - MPCB",Ahilyanagar,8H,4,2017,2025,success
site_5453,"Chandkheda, Ahmedabad - IITM",Ahmedabad,8H,9,2017,2025,success
site_5450,"Gyaspur, Ahmedabad - IITM",Ahmedabad,8H,9,2017,2025,success
site_308,"Maninagar, Ahmedabad - GPCB",Ahmedabad,8H,15,2011,2025,success
site_5067,"Phase-4 GIDC, Vatva - GPCB",Ahmedabad,8H,9,2017,2025,success
site_5452,"Raikhad, Ahmedabad - IITM",Ahmedabad,8H,9,2017,2025,success
site_5451,"Rakhial, Ahmedabad - IITM",Ahmedabad,8H,9,2017,2025,success
site_5454,"SAC ISRO Bopal, Ahmedabad - IITM",Ahmedabad,8H,9,2017,2025,success
site_5455,"SAC ISRO Satellite, Ahmedabad - IITM",Ahmedabad,8H,9,2017,2025,success
site_5456,"SVPI Airport Hansol, Ahmedabad - IITM",Ahmedabad,8H,9,2017,2025,success
site_5449,"Sardar Vallabhbhai Patel Stadium, Ahmedabad - IITM",Ahmedabad,8H,9,2017,2025,success
site_5346,"Sikulpuikawn, Aizawl - Mizoram PCB",Aizawl,8H,9,2017,2025,success
site_1392,"Civil Lines,  Ajmer - RSPCB",Ajmer,8H,9,2017,2025,success
site_5784,"Ramdaspeth, Akola - MPCB",Akola,8H,4,2017,2025,success
site_5653,"Siltara Phase-II, Raipur - CECB",Akoli-2,8H,9,2017,2025,success
site_5814,"Kherwadi_Bandra East, Mumbai - MPCB",Aliyawar,8H,4,2017,2025,success
site_1390,"Moti Doongri, Alwar - RSPCB",Alwar,8H,9,2017,2025,success
site_5052,"Patti Mehar, Ambala - HSPCB",Ambala,8H,9,2017,2025,success
site_6073,"Chinchpada, Ambernath - MPCB",Ambernath,8H,1,2025,2025,success
site_5786,"Shivneri Colony, Amravati - MPCB",Amravati,8H,4,2017,2025,success
site_5787,"Shri Shivaji Science College, Amravati - MPCB",Amravati,8H,1,2025,2025,success
site_256,"Golden Temple, Amritsar - PPCB",Amritsar,8H,9,2017,2025,success
site_5632,"Gulzarpet, Anantapur - APPCB",Anantapur,8H,9,2017,2025,success
site_5939,"Hakimapada, Angul - OSPCB",Angul,8H,3,2023,2025,success
site_5065,"GIDC, Ankleshwar - GPCB",Ankleshwar,8H,9,2017,2025,success
site_5539,"Kharahiya Basti, Araria - BSPCB",Araria,8H,9,2017,2025,success
site_5538,"New DM Office, Arrah - BSPCB",Arrah,8H,9,2017,2025,success
site_293,"Alandur Bus Depot, Chennai - CPCB",Arul Nagar,8H,15,2011,2025,success
site_1418,"Asansol Court Area, Asansol - WBPCB",Asansol,8H,9,2017,2025,success
site_5985,"Evelyn Lodge, Asansol - WBPCB",Asansol,8H,2,2024,2025,success
site_5544,"Gurdeo Nagar, Aurangabad - BSPCB",Aurangabad,8H,9,2017,2025,success
site_5666,"Vaikuntapuram, Tirupati - APPCB",Avilali,8H,9,2017,2025,success
site_5586,"HIMUDA Complex Phase-1, Baddi - HPPCB",Baddi,8H,9,2017,2025,success
site_5798,"Katrap, Badlapur - MPCB",Badlapur,8H,4,2017,2025,success
site_5264,"Vidayagiri, Bagalkot - KSPCB",Bagalkot,8H,9,2017,2025,success
site_5045,"Arya Nagar, Bahadurgarh - HSPCB",Bahadurgarh,8H,9,2017,2025,success
site_5585,"Sardar Patel Inter College, Baghpat - UPPCB",Bali,8H,9,2017,2025,success
site_5344,"Teri Gram, Gurugram - HSPCB",Bandhwari,8H,9,2017,2025,success
site_5711,"Rati Talai, Banswara - RSPCB",Banswara,8H,4,2017,2025,success
site_5775,"Bamboliya, Baran - RSPCB",Baran,8H,4,2017,2025,success
site_5541,"Mayaganj, Bhagalpur - BSPCB",Barari,8H,9,2017,2025,success
site_5938,"Forest Office, Barbil - OSPCB",Barbil,8H,3,2023,2025,success
site_5628,"Civil Lines, Bareilly - UPPCB",Bareilly,8H,9,2017,2025,success
site_5601,"Rajendra Nagar, Bareilly - UPPCB",Bareilly,8H,9,2017,2025,success
site_5670,"Meher Colony, Baripada - OSPCB",Baripada,8H,9,2017,2025,success
site_5714,"Railway Colony, Barmer - RSPCB",Barmer,8H,4,2017,2025,success
site_5959,"SVSPA Campus, Barrackpore - WBPCB",Barrackpore,8H,3,2023,2025,success
site_1549,"Hardev Nagar, Bathinda - PPCB",Bathinda,8H,9,2017,2025,success
site_6071,"Bir, Beed - MPCB",Beed,8H,1,2025,2025,success
site_5540,"Lohiyanagar, Begusarai - BSPCB",Begusarai,8H,1,2025,2025,success
site_5432,"Ramteerth Nagar, Belgaum - KSPCB",Belagavi,8H,9,2017,2025,success
site_162,"BTM Layout, Bengaluru - CPCB",Bengaluru,8H,15,2011,2025,success
site_164,"BWSSB Kadabesanahalli, Bengaluru - CPCB",Bengaluru,8H,14,2011,2025,success
site_1553,"Bapuji Nagar, Bengaluru - KSPCB",Bengaluru,8H,9,2017,2025,success
site_165,"City Railway Station, Bengaluru - KSPCB",Bengaluru,8H,11,2015,2025,success
site_1554,"Hebbal, Bengaluru - KSPCB",Bengaluru,8H,9,2017,2025,success
site_1555,"Hombegowda Nagar, Bengaluru - KSPCB",Bengaluru,8H,9,2017,2025,success
site_1556,"Jayanagar 5th Block, Bengaluru - KSPCB",Bengaluru,8H,9,2017,2025,success
site_5681,"Kasturi Nagar, Bengaluru - KSPCB",Bengaluru,8H,9,2017,2025,success
site_163,"Peenya, Bengaluru - CPCB",Bengaluru,8H,15,2011,2025,success
site_5678,"RVCE-Mailasandra, Bengaluru - KSPCB",Bengaluru,8H,9,2017,2025,success
site_166,"Sanegurava Halli, Bengaluru - KSPCB",Bengaluru,8H,11,2015,2025,success
site_5686,"Shivapura_Peenya, Bengaluru - KSPCB",Bengaluru,8H,9,2017,2025,success
site_1558,"Silk Board, Bengaluru - KSPCB",Bengaluru,8H,9,2017,2025,success
site_5476,"Kamalnath Nagar, Bettiah - BSPCB",Bettiah,8H,9,2017,2025,success
site_5543,"DM Office_Kachari Chowk, Bhagalpur - BSPCB",Bhagalpur,8H,9,2017,2025,success
site_5695,"Krishna Nagar, Bharatpur - RSPCB",Bharatpur,8H,4,2017,2025,success
site_6064,"Vidhyanagar, Bhavnagar - Nexteng Enviro",Bhavnagar,8H,1,2025,2025,success
site_5660,"32Bungalows, Bhilai - CECB",Bhilai,8H,9,2017,2025,success
site_5536,"Civic Center, Bhilai - Bhilai Steel Plant",Bhilai,8H,9,2017,2025,success
site_5770,"Pratap Nagar, Bhilwara - RSPCB",Bhilwara,8H,4,2017,2025,success
site_1391,"RIICO Ind. Area III, Bhiwadi - RSPCB",Bhiwadi,8H,9,2017,2025,success
site_5982,"Vasundhara Nagar_UIT, Bhiwadi - RSPCB",Bhiwadi,8H,2,2024,2025,success
site_5813,"Gokul Nagar, Bhiwandi - MPCB",Bhiwandi,8H,4,2017,2025,success
site_5047,"H.B. Colony, Bhiwani - HSPCB",Bhiwani,8H,9,2017,2025,success
site_5708,"Idgah Hills, Bhopal - MPPCB",Bhopal,8H,4,2017,2025,success
site_5650,"Paryavaran Parisar, Bhopal - MPPCB",Bhopal,8H,9,2017,2025,success
site_1403,"Sector-D Industrial Area, Mandideep - MPPCB",Bhopal,8H,9,2017,2025,success
site_5247,"T T Nagar, Bhopal - MPPCB",Bhopal,8H,9,2017,2025,success
site_5940,"Lingraj Mandir, Bhubaneswar - OSPCB",Bhubaneswar,8H,3,2023,2025,success
site_5943,"Patia, Bhubaneswar - OSPCB",Bhubaneswar,8H,3,2023,2025,success
site_5418,"Naubad, Bidar - KSPCB",Bidar,8H,9,2017,2025,success
site_5481,"D M Colony, Bihar Sharif - BSPCB",Bihar Sharif,8H,9,2017,2025,success
site_5696,"MM Ground, Bikaner - RSPCB",Bikaner,8H,4,2017,2025,success
site_5689,"Nawapara SECL Colony, Chhal - CECB",Bilaspur Division,8H,9,2017,2025,success
site_1542,"Yamunapuram, Bulandshahr - UPPCB",Bulandshahr,8H,9,2017,2025,success
site_5771,"New Colony, Bundi - RSPCB",Bundi,8H,4,2017,2025,success
site_5542,"Charitra Van, Buxar - BSPCB",Buxar,8H,1,2025,2025,success
site_5942,"Ferro Chrome Colony, Byasanagar - OSPCB",Byasanagar,8H,3,2023,2025,success
site_5999,"15th Mile-Nongthymmai, Byrnihat - Meghalaya PCB",Byrnihat,8H,1,2025,2025,success
site_5491,"Sector 22, Chandigarh - CPCC",Chandigarh,8H,9,2017,2025,success
site_5127,"Sector-25, Chandigarh - CPCC",Chandigarh,8H,9,2017,2025,success
site_5582,"Sector-53, Chandigarh - CPCC",Chandigarh,8H,9,2017,2025,success
site_271,"Chauhan Colony, Chandrapur - MPCB",Chandrapur,8H,4,2017,2025,success
site_5545,"Darshan Nagar, Chhapra - BSPCB",Chapra,8H,9,2017,2025,success
site_5339,"Mini Secretariat, Charkhi Dadri - HSPCB",Charkhi Dadri,8H,9,2017,2025,success
site_5659,"Hathkhoj, Bhilai - CECB",Charoda,8H,9,2017,2025,success
site_5556,"Eco Herbal Park, Moradabad - UPPCB",Chaudharpur,8H,9,2017,2025,success
site_5361,"Arumbakkam, Chennai - TNPCB",Chennai,8H,9,2017,2025,success
site_5365,"Kodungaiyur, Chennai - TNPCB",Chennai,8H,9,2017,2025,success
site_5092,"Manali Village, Chennai - TNPCB",Chennai,8H,9,2017,2025,success
site_5363,"Perungudi, Chennai - TNPCB",Chennai,8H,9,2017,2025,success
site_5364,"Royapuram, Chennai - TNPCB",Chennai,8H,9,2017,2025,success
site_288,"Velachery Res. Area, Chennai - CPCB",Chennai,8H,15,2011,2025,success
site_5788,"MIDC Chilkalthana, Aurangabad - MPCB",Chhatrapati Sambhajinagar,8H,4,2017,2025,success
site_5789,"Rachnakar Colony, Aurangabad - MPCB",Chhatrapati Sambhajinagar,8H,4,2017,2025,success
site_295,"MIDC Khutala, Chandrapur - MPCB",Chichala,8H,10,2016,2025,success
site_1557,"Chikkaballapur Rural, Chikkaballapur - KSPCB",Chikkaballapur,8H,9,2017,2025,success
site_5265,"Kalyana Nagara, Chikkamagaluru - KSPCB",Chikkamagaluru,8H,9,2017,2025,success
site_5665,"Gangineni Cheruvu, Chittoor - APPCB",Chittoor,8H,9,2017,2025,success
site_5712,"Shastri Nagar, Chittorgarh - RSPCB",Chittorgarh,8H,4,2017,2025,success
site_5699,"Subash Chowk, Churu - RSPCB",Churu,8H,4,2017,2025,success
site_5623,"PSG College of Arts and Science, Coimbatore - TNPCB",Coimbatore,8H,9,2017,2025,success
site_5094,"SIDCO Kurichi, Coimbatore - TNPCB",Coimbatore,8H,9,2017,2025,success
site_5941,"CDA Area, Cuttack - OSPCB",Cuttack,8H,3,2023,2025,success
site_5040,"Shrivastav Colony, Damoh - MPPCB",Damoh,8H,9,2017,2025,success
site_5477,"Town Hall - Lal Bagh, Darbhanga - BSPCB",Darbhanga,8H,9,2017,2025,success
site_5713,"Khatikan Mohalla, Dausa - RSPCB",Dausa,8H,4,2017,2025,success
site_5422,"Devaraj Urs Badavane, Davanagere - KSPCB",Davangere,8H,9,2017,2025,success
site_5594,"Doon University, Dehradun - UKPCB",Dehradun,8H,9,2017,2025,success
site_5024,"Alipur, Delhi - DPCC",Delhi,8H,9,2017,2025,success
site_301,"Anand Vihar, Delhi - DPCC",Delhi,8H,15,2011,2025,success
site_1420,"Ashok Vihar, Delhi - DPCC",Delhi,8H,9,2017,2025,success
site_1560,"Bawana, Delhi - DPCC",Delhi,8H,9,2017,2025,success
site_104,"Burari Crossing, Delhi - IITM",Delhi,8H,9,2017,2025,success
site_5393,"Chandni Chowk, Delhi - IITM",Delhi,8H,9,2017,2025,success
site_1422,"Dwarka-Sector 8, Delhi - DPCC",Delhi,8H,0,,,success
site_1423,"Jahangirpuri, Delhi - DPCC",Delhi,8H,9,2017,2025,success
site_6077,"NSUT Jaffarpur, Delhi - DPCC",Delhi,8H,1,2025,2025,success
site_1427,"Najafgarh, Delhi - DPCC",Delhi,8H,9,2017,2025,success
site_1426,"Narela, Delhi - DPCC",Delhi,8H,9,2017,2025,success
site_1431,"Patparganj, Delhi - DPCC",Delhi,8H,9,2017,2025,success
site_125,"Punjabi Bagh, Delhi - DPCC",Delhi,8H,15,2011,2025,success
site_1563,"Pusa, Delhi - DPCC",Delhi,8H,9,2017,2025,success
site_1430,"Rohini, Delhi - DPCC",Delhi,8H,9,2017,2025,success
site_1434,"Wazirpur, Delhi - DPCC",Delhi,8H,9,2017,2025,success
site_1404,"Bhopal Chauraha, Dewas - MPPCB",Dewas,8H,9,2017,2025,success
site_6094,"Pali Dungra, Mathura - UPPCB",Dhakpura,8H,0,,,success
site_5827,"Kalakusuma, Dhanbad - DMC",Dhanbad,8H,4,2017,2025,success
site_5710,"Sardar Patel Nagar, Dhanbad - JSPCB",Dhanbad,8H,4,2017,2025,success
site_5044,"Municipal Corporation Office, Dharuhera -  HSPCB",Dharuhera,8H,9,2017,2025,success
site_5718,"Dhoinda, Rajsamand - RSPCB",Dhoinda,8H,4,2017,2025,success
site_5700,"Raja Ganj, Dholpur - RSPCB",Dholpur,8H,4,2017,2025,success
site_5801,"Deopur, Dhule - MPCB",Dhule,8H,4,2017,2025,success
site_5608,"Mendonsa Colony, Dindigul - TNPCB",Dindigul,8H,9,2017,2025,success
site_5250,"Gole Bazar, Katni - MPPCB",Diwari,8H,9,2017,2025,success
site_5850,"Bhoiwada, Dungarpur - RSPCB",Dungarpur,8H,3,2023,2025,success
site_6008,"Mahishkapur Road_B-Zone, Durgapur - WBPCB",Durgapur,8H,2,2024,2025,success
site_5983,"PCBL Residential Complex, Durgapur - WBPCB",Durgapur,8H,2,2024,2025,success
site_299,"Womens College_City Center, Durgapur - WBPCB",Durgapur,8H,1,2025,2025,success
site_6086,"District Court, Eluru - APPCB",Eluru,8H,1,2025,2025,success
site_5618,"Gandhi Nagar_Ennore, Chennai - TNPCB",Ennore,8H,9,2017,2025,success
site_5105,"Udyogamandal, Eloor - Kerala PCB",Ernakulam,8H,9,2017,2025,success
site_5270,"Vyttila, Kochi - Kerala PCB",Ernakulam,8H,9,2017,2025,success
site_5128,"Gomti Nagar, Lucknow - UPPCB",Ext,8H,9,2017,2025,success
site_5060,"Nathu Colony, Ballabgarh - HSPCB",Faridabad,8H,9,2017,2025,success
site_5340,"New Industrial Town, Faridabad - HSPCB",Faridabad,8H,9,2017,2025,success
site_5342,"Sector 11, Faridabad - HSPCB",Faridabad,8H,9,2017,2025,success
site_5341,"Sector 30, Faridabad - HSPCB",Faridabad,8H,9,2017,2025,success
site_263,"Sector- 16A, Faridabad - HSPCB",Faridabad,8H,15,2011,2025,success
site_5054,"Huda Sector, Fatehabad - HSPCB",Fatehabad,8H,9,2017,2025,success
site_255,"RIMT University, Mandi Gobindgarh - PPCB",Fatehgarh Sahib,8H,9,2017,2025,success
site_6096,"Dadupura, Fatehpur Sikri - UPPCB",Fatehpur Sikri,8H,0,,,success
site_5480,"Nagla Bhau, Firozabad - UPPCB",Firozabad,8H,9,2017,2025,success
site_5584,"Vibhab Nagar, Firozabad - UPPCB",Firozabad,8H,9,2017,2025,success
site_5419,"Panchal Nagar, Gadag - KSPCB",Gadag-Betageri,8H,9,2017,2025,success
site_5458,"GIFT City, Gandhinagar - IITM",Gandhinagar,8H,9,2017,2025,success
site_5066,"Sector-10, Gandhinagar - GPCB",Gandhinagar,8H,9,2017,2025,success
site_5590,"Zero Point GICI, Gangtok - SSPCB",Gangtok,8H,9,2017,2025,success
site_159,"Collectorate, Gaya - BSPCB",Gaya,8H,11,2015,2025,success
site_5548,"Kareemganj, Gaya - BSPCB",Gaya,8H,9,2017,2025,success
site_5657,"Urja Nagar, Korba - CECB",Gevra,8H,9,2017,2025,success
site_6088,"Govindpuram, Ghaziabad - UPPCB",Ghaziabad,8H,0,,,success
site_5082,"Indirapuram, Ghaziabad - UPPCB",Ghaziabad,8H,9,2017,2025,success
site_5083,"Loni, Ghaziabad - UPPCB",Ghaziabad,8H,9,2017,2025,success
site_5081,"Sanjay Nagar, Ghaziabad - UPPCB",Ghaziabad,8H,9,2017,2025,success
site_144,"Vasundhara, Ghaziabad - UPPCB",Ghaziabad,8H,9,2017,2025,success
site_6091,"Ved Vihar-Loni, Ghaziabad - UPPCB",Ghaziabad,8H,0,,,success
site_5472,"Madan Mohan Malaviya University of Technology, Gorakhpur - UPPCB",Gorakhpur,8H,9,2017,2025,success
site_5549,"Mariam Nagar, Purnia - BSPCB",Goshaingaon,8H,9,2017,2025,success
site_5121,"Knowledge Park - V, Greater Noida - UPPCB",Greater Noida,8H,9,2017,2025,success
site_6084,"Rajendra Nagar North, Guntur - APPCB",Guntur,8H,1,2025,2025,success
site_6011,"Amity University, Panchgaon - IITM",Gurugram,8H,1,2025,2025,success
site_108,"Aya Nagar, Delhi - IITM",Gurugram,8H,9,2017,2025,success
site_5025,"NISE Gwal Pahari, Gurugram - IITM",Gurugram,8H,9,2017,2025,success
site_5039,"Sector-2 IMT, Manesar - HSPCB",Gurugram,8H,9,2017,2025,success
site_5345,"Sector-51, Gurugram - HSPCB",Gurugram,8H,9,2017,2025,success
site_146,"Vikas Sadan, Gurugram - HSPCB",Gurugram,8H,9,2017,2025,success
site_5651,"IITG, Guwahati - PCBA",Guwahati,8H,9,2017,2025,success
site_5683,"LGBI Airport, Guwahati - PCBA",Guwahati,8H,9,2017,2025,success
site_5417,"Pan Bazaar, Guwahati - PCBA",Guwahati,8H,9,2017,2025,success
site_5073,"Railway Colony, Guwahati - PCBA",Guwahati,8H,9,2017,2025,success
site_5273,"City Center, Gwalior - MPPCB",Gwalior,8H,9,2017,2025,success
site_5667,"Deen Dayal Nagar, Gwalior - MPPCB",Gwalior,8H,9,2017,2025,success
site_5661,"Maharaj Bada, Gwalior - MPPCB",Gwalior,8H,9,2017,2025,success
site_5275,"Phool Bagh, Gwalior - Mondelez Ind. Food",Gwalior,8H,9,2017,2025,success
site_5337,"Industrial Area, Hajipur - BSPCB",Hajipur Industrial Area,8H,9,2017,2025,success
site_300,"Priyambada Housing Estate, Haldia - WBPCB",Haldia,8H,6,2015,2025,success
site_5255,"Vijay Nagar, Ramanagara - KSPCB",Hallimala,8H,9,2017,2025,success
site_5715,"Housing Board, Hanumangarh - RSPCB",Hanumangarh,8H,4,2017,2025,success
site_5023,"Anand Vihar, Hapur - UPPCB",Hapur,8H,9,2017,2025,success
site_5448,"B.Katihalli, Hassan - KSPCB",Hassan,8H,9,2017,2025,success
site_5687,"Fertilizer Township, Rourkela - OSPCB",Hatibandha,8H,9,2017,2025,success
site_5420,"Ashwini Nagar, Haveri - KSPCB",Haveri,8H,9,2017,2025,success
site_6072,"Ashta Vinayak Nagar, Hingoli - MPCB",Hingoli,8H,1,2025,2025,success
site_5057,"Urban Estate-II, Hisar - HSPCB",Hisar,8H,9,2017,2025,success
site_5612,"SIPCOT Phase-1, Hosur - TNPCB",Hosur,8H,9,2017,2025,success
site_5101,"Belur Math, Howrah - WBPCB",Howrah,8H,9,2017,2025,success
site_5989,"Botanical Garden, Howrah - WBPCB",Howrah,8H,2,2024,2025,success
site_6009,"Dasnagar, Howrah - WBPCB",Howrah,8H,2,2024,2025,success
site_274,"Ghusuri, Howrah - WBPCB",Howrah,8H,10,2016,2025,success
site_1416,"Padmapukur, Howrah - WBPCB",Howrah,8H,9,2017,2025,success
site_1447,"Deshpande Nagar, Hubballi - KSPCB",Hubballi,8H,9,2017,2025,success
site_5638,"Kalabhavan, Dharwad - KSPCB",Hubballi,8H,9,2017,2025,success
site_5680,"Lingaraj Nagar, Hubballi - KSPCB",Hubballi,8H,9,2017,2025,success
site_199,"Bollaram Industrial Area, Hyderabad - TSPCB",Hyderabad,8H,9,2017,2025,success
site_262,"Central University, Hyderabad - TSPCB",Hyderabad,8H,9,2017,2025,success
site_275,"IDA Pashamylaram, Hyderabad - TSPCB",Hyderabad,8H,10,2016,2025,success
site_5604,"Kokapet, Hyderabad - TSPCB",Hyderabad,8H,9,2017,2025,success
site_5599,"Kompally Municipal Office, Hyderabad - TSPCB",Hyderabad,8H,9,2017,2025,success
site_5595,"New Malakpet, Hyderabad - TSPCB",Hyderabad,8H,9,2017,2025,success
site_5602,"Ramachandrapuram, Hyderabad - TSPCB",Hyderabad,8H,9,2017,2025,success
site_294,"Sanathnagar, Hyderabad - TSPCB",Hyderabad,8H,15,2011,2025,success
site_5598,"Somajiguda, Hyderabad - TSPCB",Hyderabad,8H,9,2017,2025,success
site_298,"Zoo Park, Hyderabad - TSPCB",Hyderabad,8H,11,2015,2025,success
site_5592,"DM College of Science, Imphal - Manipur PCB",Imphal,8H,9,2017,2025,success
site_5857,"Airport Area, Indore - IMC",Indore,8H,3,2023,2025,success
site_5856,"Maguda Nagar, Indore - IMC",Indore,8H,3,2023,2025,success
site_5855,"Regional Park, Indore - IMC",Indore,8H,3,2023,2025,success
site_5854,"Residency Area, Indore - IMC",Indore,8H,3,2023,2025,success
site_5709,"Vijay Nagar Scheme-78, Indore - Glenmark",Indore,8H,4,2017,2025,success
site_5965,"Govindh Bhavan Colony, Jabalpur - JMC",Jabalpur,8H,3,2023,2025,success
site_5817,"Gupteshwar, Jabalpur - JMC",Jabalpur,8H,4,2017,2025,success
site_5249,"Marhatal, Jabalpur - MPPCB",Jabalpur,8H,9,2017,2025,success
site_1393,"Adarsh Nagar, Jaipur - RSPCB",Jaipur,8H,9,2017,2025,success
site_5725,"Mansarovar Sector-12, Jaipur - RSPCB",Jaipur,8H,4,2017,2025,success
site_134,"Police Commissionerate, Jaipur - RSPCB",Jaipur,8H,9,2017,2025,success
site_5728,"RIICO Sitapura, Jaipur - RSPCB",Jaipur,8H,4,2017,2025,success
site_5727,"Sector-2 Murlipura, Jaipur - RSPCB",Jaipur,8H,4,2017,2025,success
site_1396,"Shastri Nagar, Jaipur - RSPCB",Jaipur,8H,9,2017,2025,success
site_5772,"Sadar Bazar, Jaisalmer - RSPCB",Jaisalmer,8H,4,2017,2025,success
site_1438,"Civil Line, Jalandhar - PPCB",Jalandhar,8H,9,2017,2025,success
site_5790,"Prabhat Colony, Jalgaon - MPCB",Jalgaon,8H,4,2017,2025,success
site_5791,"Old MIDC, Jalna - MPCB",Jalna,8H,4,2017,2025,success
site_5851,"Mudtra Sili, Jalore - RSPCB",Jalore,8H,3,2023,2025,success
site_5937,"Kalidaspur, Balasore - OSPCB",Januganj,8H,3,2023,2025,success
site_1401,"Suryakiran Bhawan NCL, Singrauli - MPPCB",Jayant,8H,9,2017,2025,success
site_5724,"Rajlaxmi Nagar, Jhalawar - RSPCB",Jhalawar,8H,4,2017,2025,success
site_5583,"Shivaji Nagar, Jhansi - UPPCB",Jhansi,8H,9,2017,2025,success
site_5717,"Indra Nagar, Jhunjhunu - RSPCB",Jhunjhunu,8H,4,2017,2025,success
site_5729,"Jigani, Bengaluru - KSPCB",Jigani,8H,4,2017,2025,success
site_5056,"Police Lines, Jind - HSPCB",Jind,8H,9,2017,2025,success
site_136,"Collectorate, Jodhpur - RSPCB",Jodhpur,8H,11,2015,2025,success
site_5726,"Digari Kalan, Jodhpur - RSPCB",Jodhpur,8H,4,2017,2025,success
site_5773,"Mandor, Jodhpur - RSPCB",Jodhpur,8H,4,2017,2025,success
site_5694,"Samrat Ashok Udhyan, Jodhpur - RSPCB",Jodhpur,8H,5,2017,2025,success
site_254,"Tata Stadium, Jorapokhar - JSPCB",Jorapokhar,8H,9,2017,2025,success
site_5693,"Yerramukkapalli, Kadapa - APPCB",Kadapa,8H,9,2017,2025,success
site_5072,"Rishi Nagar, Kaithal - HSPCB",Kaithal,8H,9,2017,2025,success
site_1565,"Lal Bahadur Shastri Nagar, Kalaburagi - KSPCB",Kalaburagi,8H,9,2017,2025,success
site_5679,"Mahatma Basaveswar Colony, Kalaburgi - KSPCB",Kalaburagi,8H,9,2017,2025,success
site_6082,"Kalu Nagar, Dombivli - MPCB",Kalyan,8H,1,2025,2025,success
site_5118,"Khadakpada, Kalyan - MPCB",Kalyan,8H,9,2017,2025,success
site_5783,"Kamble Tarf Birwadi, Mahad - MPCB",Kamble Tarf Birwadi,8H,4,2017,2025,success
site_5276,"Thavakkara, Kannur - Kerala PCB",Kannur,8H,9,2017,2025,success
site_5500,"FTI Kidwai Nagar, Kanpur - UPPCB",Kanpur,8H,9,2017,2025,success
site_5416,"IITK, Kanpur - IITK",Kanpur,8H,8,2017,2025,success
site_5474,"NSI Kalyanpur, Kanpur - UPPCB",Kanpur,8H,9,2017,2025,success
site_276,"Nehru Nagar, Kanpur - UPPCB",Kanpur,8H,15,2011,2025,success
site_5723,"Satyawati Vihar, Karauli - RSPCB",Karauli,8H,4,2017,2025,success
site_5125,"Hebbal 1st Stage, Mysuru - KSPCB",KarimuddanaHalli,8H,9,2017,2025,success
site_5049,"Sector-12, Karnal - HSPCB",Karnal,8H,9,2017,2025,success
site_5627,"Kamadenu Nagar, Karur - TNPCB",Karur,8H,9,2017,2025,success
site_5853,"KHB Colony, Karwar - KSPCB",Karwar,8H,3,2023,2025,success
site_5704,"Govt. Girls Inter College, Kashipur - UKPCB",Kashipur,8H,4,2017,2025,success
site_5546,"Mirchaibari, Katihar - BSPCB",Katihar,8H,9,2017,2025,success
site_5606,"Keelapalur, Ariyalur - TNPCB",Keezhapalur,8H,9,2017,2025,success
site_5674,"Dabuna, Nayagarh - OSPCB",Keonjhar,8H,9,2017,2025,success
site_5671,"Jagamohanpur, Keonjhar - OSPCB",Keonjhar,8H,9,2017,2025,success
site_5809,"Khaira, Boisar - MPCB",Khaira,8H,4,2017,2025,success
site_6090,"New Anaj Mandi, Khairthal - RSPCB",Khairthal,8H,0,,,success
site_5691,"Govt. Higher Secondary School, Milupara - CECB",Khamahari,8H,9,2017,2025,success
site_5547,"SDM Office_Khagra, Kishanganj - BSPCB",Kishanganj,8H,9,2017,2025,success
site_5272,"Kacheripady, Ernakulam - Kerala PCB",Kochi,8H,8,2017,2025,success
site_1397,"Ashok Nagar, Udaipur - RSPCB",Kodiyat,8H,9,2017,2025,success
site_5375,"PWD Junction, Kohima - NPCB",Kohima,8H,1,2025,2025,success
site_1551,"Tamaka Ind. Area, Kolar - KSPCB",Kolar,8H,9,2017,2025,success
site_5768,"Shivaji University, Kolhapur - MPCB",Kolhapur,8H,4,2017,2025,success
site_5769,"Sinchan Bhavan, Kolhapur - MPCB",Kolhapur,8H,4,2017,2025,success
site_5238,"Ballygunge, Kolkata - WBPCB",Kolkata,8H,9,2017,2025,success
site_5129,"Bidhannagar, Kolkata - WBPCB",Kolkata,8H,9,2017,2025,success
site_5110,"Fort William, Kolkata - WBPCB",Kolkata,8H,9,2017,2025,success
site_5111,"Jadavpur, Kolkata - WBPCB",Kolkata,8H,9,2017,2025,success
site_296,"Rabindra Bharati University, Kolkata - WBPCB",Kolkata,8H,10,2016,2025,success
site_5126,"Rabindra Sarobar, Kolkata - WBPCB",Kolkata,8H,9,2017,2025,success
site_309,"Victoria, Kolkata - WBPCB",Kolkata,8H,10,2016,2025,success
site_5334,"Polayathode, Kollam - Kerala PCB",Kollam,8H,9,2017,2025,success
site_5979,"Collectorate Office, Virudhunagar - TNPCB",Kooraikundu,8H,3,2023,2025,success
site_5415,"Diwator Nagar, Koppal - KSPCB",Koppal,8H,9,2017,2025,success
site_5656,"Rampur, Korba - CECB",Korba,8H,9,2017,2025,success
site_5707,"Dhanmandi, Kota - RSPCB",Kota,8H,4,2017,2025,success
site_5701,"Nayapura, Kota - RSPCB",Kota,8H,4,2017,2025,success
site_1394,"Shrinath Puram, Kota - RSPCB",Kota,8H,9,2017,2025,success
site_5271,"Palayam, Kozhikode - Kerala PCB",Kozhikode,8H,9,2017,2025,success
site_1410,"GM Office, Brajrajnagar - OSPCB",Kudaloi,8H,9,2017,2025,success
site_5690,"OP Jindal School, Kunjemura - CECB",Kunjemura,8H,9,2017,2025,success
site_5043,"Sector-7, Kurukshetra - HSPCB",Kurukshetra,8H,9,2017,2025,success
site_5338,"SFTI Kusdihra, Gaya - BSPCB",Kusdihra,8H,9,2017,2025,success
site_5780,"Sawe Wadi, Latur - MPCB",Latur,8H,4,2017,2025,success
site_5460,"B R Ambedkar University, Lucknow - UPPCB",Lucknow,8H,9,2017,2025,success
site_272,"Kendriya Vidyalaya, Lucknow - CPCB",Lucknow,8H,15,2011,2025,success
site_5462,"Kukrail Picnic Spot-1, Lucknow - UPPCB",Lucknow,8H,9,2017,2025,success
site_277,"Lalbagh, Lucknow - CPCB",Lucknow,8H,15,2011,2025,success
site_1405,"Nishant Ganj, Lucknow - UPPCB",Lucknow,8H,9,2017,2025,success
site_297,"Talkatora District Industries Center, Lucknow - CPCB",Lucknow,8H,15,2011,2025,success
site_253,"Punjab Agricultural University, Ludhiana - PPCB",Ludhiana,8H,9,2017,2025,success
site_1450,"Kalal Majra, Khanna - PPCB",Machhiwara Sahib,8H,9,2017,2025,success
site_6085,"Srinivas Nagar Colony, Machilipatnam - APPCB",Machilipatnam Rural,8H,1,2025,2025,success
site_5391,"Stuart Hill, Madikeri - KSPCB",Madikeri,8H,9,2017,2025,success
site_5550,"Forest Rest House, Manguraha - BSPCB",Maguraha,8H,9,2017,2025,success
site_5802,"Mahesh Nagar, Malegaon - MPCB",Malegaon,8H,4,2017,2025,success
site_5055,"General Hospital, Mandikhera(Nuh) - HSPCB",Mandikhera,8H,1,2025,2025,success
site_5421,"Kadri, Mangalore - KSPCB",Mangaluru,8H,9,2017,2025,success
site_5258,"Ganga Nagar, Meerut - UPPCB",Meerut,8H,9,2017,2025,success
site_5109,"Jai Bhim Nagar, Meerut - UPPCB",Meerut,8H,9,2017,2025,success
site_6093,"MIET College, Meerut - UPPCB",Meerut,8H,0,,,success
site_5257,"Pallavpuram Phase 2, Meerut - UPPCB",Meerut,8H,9,2017,2025,success
site_5603,"Kalindi Kunj, Khurja - UPPCB",Meerut Division,8H,9,2017,2025,success
site_1569,"New Collectorate, Baghpat - UPPCB",Meerut Division,8H,9,2017,2025,success
site_6067,"Sadanand Nagar, Mehsana - Nexteng Enviro",Mehsana,8H,1,2025,2025,success
site_5619,"Kilambi, Kanchipuram - TNPCB",Melambi,8H,9,2017,2025,success
site_5248,"Chhoti Gwaltoli, Indore - MPPCB",Mewasjamniya,8H,9,2017,2025,success
site_5806,"Bhayandar West, Mira-Bhayandar - MPCB",Mira Bhayandar,8H,4,2017,2025,success
site_5554,"Buddhi Vihar, Moradabad - UPPCB",Moradabad,8H,9,2017,2025,success
site_5537,"Employment Office, Moradabad - UPPCB",Moradabad,8H,9,2017,2025,success
site_5555,"Jigar Colony, Moradabad - UPPCB",Moradabad,8H,9,2017,2025,success
site_5620,"Kashiram Nagar, Moradabad - UPPCB",Moradabad,8H,9,2017,2025,success
site_1398,"Lajpat Nagar, Moradabad - UPPCB",Moradabad,8H,9,2017,2025,success
site_5613,"Transport Nagar, Moradabad - UPPCB",Moradabad,8H,9,2017,2025,success
site_5478,"Gandak Colony, Motihari - BSPCB",Motihari,8H,9,2017,2025,success
site_5124,"Urban, Chamarajanagar - KSPCB",Mudumalai,8H,9,2017,2025,success
site_5392,"Bandra Kurla Complex, Mumbai - IITM",Mumbai,8H,9,2017,2025,success
site_5810,"Bandra Kurla Complex, Mumbai - MPCB",Mumbai,8H,4,2017,2025,success
site_168,"Bandra, Mumbai - MPCB",Mumbai,8H,11,2015,2025,success
site_5400,"Borivali East, Mumbai - IITM",Mumbai,8H,9,2017,2025,success
site_5113,"Borivali East, Mumbai - MPCB",Mumbai,8H,9,2017,2025,success
site_5960,"Byculla, Mumbai - BMC",Mumbai,8H,3,2023,2025,success
site_5399,"Chakala-Andheri East, Mumbai - IITM",Mumbai,8H,9,2017,2025,success
site_5811,"Chembur, Mumbai - MPCB",Mumbai,8H,4,2017,2025,success
site_5107,"Chhatrapati Shivaji Intl. Airport (T2), Mumbai - MPCB",Mumbai,8H,9,2017,2025,success
site_5120,"Colaba, Mumbai - MPCB",Mumbai,8H,9,2017,2025,success
site_5396,"Deonar, Mumbai - IITM",Mumbai,8H,9,2017,2025,success
site_5964,"Ghatkopar, Mumbai - BMC",Mumbai,8H,3,2023,2025,success
site_5412,"Kandivali East, Mumbai - MPCB",Mumbai,8H,9,2017,2025,success
site_5962,"Kandivali West, Mumbai - BMC",Mumbai,8H,3,2023,2025,success
site_5397,"Khindipada-Bhandup West, Mumbai - IITM",Mumbai,8H,9,2017,2025,success
site_5104,"Kurla, Mumbai - MPCB",Mumbai,8H,9,2017,2025,success
site_5402,"Malad West, Mumbai - IITM",Mumbai,8H,9,2017,2025,success
site_5394,"Mazgaon, Mumbai - IITM",Mumbai,8H,9,2017,2025,success
site_5807,"Mindspace-Malad West, Mumbai - MPCB",Mumbai,8H,4,2017,2025,success
site_5413,"Mulund West, Mumbai - MPCB",Mumbai,8H,9,2017,2025,success
site_5398,"Navy Nagar-Colaba, Mumbai - IITM",Mumbai,8H,9,2017,2025,success
site_5112,"Powai, Mumbai - MPCB",Mumbai,8H,9,2017,2025,success
site_5963,"Sewri, Mumbai - BMC",Mumbai,8H,3,2023,2025,success
site_5961,"Shivaji Nagar, Mumbai - BMC",Mumbai,8H,3,2023,2025,success
site_5403,"Siddharth Nagar-Worli, Mumbai - IITM",Mumbai,8H,9,2017,2025,success
site_5119,"Sion, Mumbai - MPCB",Mumbai,8H,9,2017,2025,success
site_5106,"Vile Parle West, Mumbai - MPCB",Mumbai,8H,9,2017,2025,success
site_5115,"Worli, Mumbai -MPCB",Mumbai,8H,1,2025,2025,success
site_5490,"Town Hall, Munger - BSPCB",Munger,8H,9,2017,2025,success
site_5041,"Murthal, Sonipat - HSPCB",Murthal,8H,9,2017,2025,success
site_1550,"New Mandi, Muzaffarnagar - UPPCB",Muzaffarnagar,8H,9,2017,2025,success
site_5370,"Buddha Colony, Muzaffarpur - BSPCB",Muzaffarpur,8H,9,2017,2025,success
site_5479,"MIT-Daudpur Kothi, Muzaffarpur - BSPCB",Muzaffarpur,8H,9,2017,2025,success
site_158,"Muzaffarpur Collectorate, Muzaffarpur - BSPCB",Muzaffarpur,8H,11,2015,2025,success
site_5706,"Christianpatty, Nagaon - PCBA",Nagaon,8H,4,2017,2025,success
site_5616,"Velippalayam, Nagapattinam - TNPCB",Nagapattinam,8H,9,2017,2025,success
site_5778,"Karni Colony, Nagaur - RSPCB",Nagaur,8H,4,2017,2025,success
site_5792,"Ambazari, Nagpur - MPCB",Nagpur,8H,4,2017,2025,success
site_5796,"Mahal, Nagpur - MPCB",Nagpur,8H,4,2017,2025,success
site_303,"Opp GPO Civil Lines, Nagpur - MPCB",Nagpur,8H,10,2016,2025,success
site_5793,"Ram Nagar, Nagpur - MPCB",Nagpur,8H,4,2017,2025,success
site_5446,"Naharlagun, Naharlagun - APSPCB",Naharlagun,8H,9,2017,2025,success
site_5668,"Bata Chowk, Nalbari - PCBA",Nalbari,8H,9,2017,2025,success
site_5795,"Sneh Nagar, Nanded - MPCB",Nanded,8H,4,2017,2025,success
site_5053,"Shastri Nagar, Narnaul - HSPCB",Narnaul,8H,9,2017,2025,success
site_304,"Gangapur Road, Nashik - MPCB",Nashik,8H,10,2016,2025,success
site_5782,"Hirawadi, Nashik - MPCB",Nashik,8H,4,2017,2025,success
site_5781,"MIDC Ambad, Nashik - MPCB",Nashik,8H,4,2017,2025,success
site_5779,"Pandav Nagari, Nashik - MPCB",Nashik,8H,4,2017,2025,success
site_5978,"SIPCOT Nathampannai, Pudukottai - TNPCB",Nathampannai,8H,3,2023,2025,success
site_261,"Airoli, Navi Mumbai - MPCB",Navi Mumbai,8H,15,2011,2025,success
site_5804,"CBD Belapur, Belapur - MPCB",Navi Mumbai,8H,4,2017,2025,success
site_5805,"Kopripada-Vashi, Navi Mumbai - MPCB",Navi Mumbai,8H,4,2017,2025,success
site_5114,"Mahape, Navi Mumbai - MPCB",Navi Mumbai,8H,9,2017,2025,success
site_5103,"Nerul, Navi Mumbai - MPCB",Navi Mumbai,8H,9,2017,2025,success
site_5815,"Sanpada, Navi Mumbai - MPCB",Navi Mumbai,8H,4,2017,2025,success
site_5401,"Sector-19A Nerul, Navi Mumbai - IITM",Navi Mumbai,8H,9,2017,2025,success
site_6087,"Ambedkar Nagar, Nellore - APPCB",Nellore,8H,0,,,success
site_103,"CRRI Mathura Road, Delhi - IITM",New Delhi,8H,9,2017,2025,success
site_6078,"Cantonment Area, Delhi - DPCC",New Delhi,8H,0,,,success
site_6079,"Commonwealth Sports Complex, Delhi - DPCC",New Delhi,8H,1,2025,2025,success
site_118,"DTU, Delhi - CPCB",New Delhi,8H,15,2011,2025,success
site_1421,"Dr. Karni Singh Shooting Range, Delhi - DPCC",New Delhi,8H,9,2017,2025,success
site_106,"IGI Airport (T3), Delhi - IITM",New Delhi,8H,9,2017,2025,success
site_6080,"IGNOU_Maidan Garhi, Delhi - DPCC",New Delhi,8H,1,2025,2025,success
site_114,"IHBAS, Dilshad Garden, Delhi - CPCB",New Delhi,8H,15,2011,2025,success
site_6060,"IIT Delhi, Delhi - IITM",New Delhi,8H,1,2025,2025,success
site_109,"IMD Lodhi Road, Delhi - IITM",New Delhi,8H,0,,,success
site_117,"ITO, Delhi - CPCB",New Delhi,8H,15,2011,2025,success
site_6076,"JNU, Delhi - DPCC",New Delhi,8H,1,2025,2025,success
site_1424,"Jawaharlal Nehru Stadium, Delhi - DPCC",New Delhi,8H,9,2017,2025,success
site_5395,"Lodhi Road, Delhi - IITM",New Delhi,8H,9,2017,2025,success
site_1425,"Major Dhyan Chand National Stadium, Delhi - DPCC",New Delhi,8H,9,2017,2025,success
site_122,"Mandir Marg, Delhi - DPCC",New Delhi,8H,15,2011,2025,success
site_1561,"Mundka, Delhi - DPCC",New Delhi,8H,9,2017,2025,success
site_115,"NSIT Dwarka, Delhi - CPCB",New Delhi,8H,15,2011,2025,success
site_1429,"Nehru Nagar, Delhi - DPCC",New Delhi,8H,9,2017,2025,success
site_5852,"New Moti Bagh, Delhi - MHUA",New Delhi,8H,2,2023,2025,success
site_105,"North Campus, DU, Delhi - IITM",New Delhi,8H,9,2017,2025,success
site_1428,"Okhla Phase-2, Delhi - DPCC",New Delhi,8H,9,2017,2025,success
site_107,"Pusa, Delhi - IITM",New Delhi,8H,9,2017,2025,success
site_124,"R K Puram, Delhi - DPCC",New Delhi,8H,15,2011,2025,success
site_113,"Shadipur, Delhi - CPCB",New Delhi,8H,15,2011,2025,success
site_119,"Sirifort, Delhi - CPCB",New Delhi,8H,15,2011,2025,success
site_1432,"Sonia Vihar, Delhi - DPCC",New Delhi,8H,9,2017,2025,success
site_1562,"Sri Aurobindo Marg, Delhi - DPCC",New Delhi,8H,9,2017,2025,success
site_6081,"Talkatora Garden, Delhi - DPCC",New Delhi,8H,1,2025,2025,success
site_1435,"Vivek Vihar, Delhi - DPCC",New Delhi,8H,9,2017,2025,success
site_5614,"Uchapatti, Madurai - TNPCB",Nilaiyur,8H,9,2017,2025,success
site_1541,"Knowledge Park - III, Greater Noida - UPPCB",Noida,8H,9,2017,2025,success
site_6089,"Prashant Garden, Khora - UPPCB",Noida,8H,0,,,success
site_153,"Sector - 125, Noida - UPPCB",Noida,8H,9,2017,2025,success
site_111,"Sector - 62, Noida - IITM",Noida,8H,9,2017,2025,success
site_5123,"Sector-1, Noida - UPPCB",Noida,8H,9,2017,2025,success
site_5122,"Sector-116, Noida - UPPCB",Noida,8H,9,2017,2025,success
site_5624,"Bombay Castel, Ooty - TNPCB",Ooty,8H,9,2017,2025,success
site_5621,"Kudikadu, Cuddalore - TNPCB",Pachchyankuppam,8H,9,2017,2025,success
site_1395,"Indira Colony Vistar, Pali - RSPCB",Pali,8H,9,2017,2025,success
site_5050,"Shyam Nagar, Palwal - HSPCB",Palwal,8H,9,2017,2025,success
site_161,"Sector-6, Panchkula - HSPCB",Panchkula,8H,2,2015,2016,success
site_5048,"Sector-18, Panipat - HSPCB",Panipat,8H,9,2017,2025,success
site_5799,"Sector-2E Kalamboli, Navi Mumbai - MPCB",Panvel,8H,4,2017,2025,success
site_5803,"Tondare-Taloja, Navi Mumbai - MPCB",Panvel,8H,4,2017,2025,success
site_5362,"Anthoni Pillai Nagar, Gummidipoondi - TNPCB",Pappankuppam,8H,9,2017,2025,success
site_6032,"Ponnusamy Nagar, Namakkal - TNPCB",Pappinayakkanpatti,8H,1,2025,2025,success
site_5794,"Masoom Colony, Parbhani - MPCB",Parbhani,8H,4,2017,2025,success
site_251,"ICRISAT Patancheru, Hyderabad - TSPCB",Patancheruvu,8H,9,2017,2025,success
site_5832,"Mohalbani Ghat, Pathardih - DMC",Pathardih,8H,3,2023,2025,success
site_1437,"Model Town, Patiala - PPCB",Patiala,8H,9,2017,2025,success
site_5336,"DRM Office Danapur, Patna - BSPCB",Patna,8H,9,2017,2025,success
site_5335,"Govt. High School Shikarpur, Patna - BSPCB",Patna,8H,9,2017,2025,success
site_157,"IGSC Planetarium Complex, Patna - BSPCB",Patna,8H,11,2015,2025,success
site_5261,"Muradpur, Patna - BSPCB",Patna,8H,9,2017,2025,success
site_5262,"Rajbansi Nagar, Patna - BSPCB",Patna,8H,9,2017,2025,success
site_5263,"Samanpura, Patna - BSPCB",Patna,8H,9,2017,2025,success
site_5981,"Rajiv Nagar, Vijayawada - APPCB",Payikapuram,8H,2,2024,2025,success
site_5997,"SIPCOT Industrial Park, Perundurai - TNPCB",Perundurai,8H,2,2024,2025,success
site_5406,"Bhosari,Pimpri-Chinchwad - IITM",Pimpri-Chinchwad,8H,0,,,success
site_5988,"Bhumkar Nagar, Pimpri-Chinchwad - IITM",Pimpri-Chinchwad,8H,0,,,success
site_5763,"Gavalinagar, Pimpri Chinchwad - MPCB",Pimpri-Chinchwad,8H,4,2017,2025,success
site_5764,"Park Street Wakad, Pimpri Chinchwad - MPCB",Pimpri-Chinchwad,8H,4,2017,2025,success
site_5998,"Savta Mali Nagar, Pimpri-Chinchwad - IITM",Pimpri-Chinchwad,8H,2,2024,2025,success
site_5765,"Thergaon, Pimpri Chinchwad - MPCB",Pimpri-Chinchwad,8H,4,2017,2025,success
site_5408,"Transport Nagar-Nigdi, Pimpri-Chinchwad- IITM",Pimpri-Chinchwad,8H,0,,,success
site_1402,"Sector-2 Industrial Area, Pithampur - MPPCB",Pithampur,8H,9,2017,2025,success
site_5685,"Kanuru, Vijayawada - APPCB",Poranki,8H,9,2017,2025,success
site_5721,"Pragati Nagar, Pratapgarh - RSPCB",Pratapgarh,8H,4,2017,2025,success
site_5461,"Jhunsi, Prayagraj - UPPCB",Prayagraj,8H,9,2017,2025,success
site_5459,"Motilal Nehru NIT, Prayagraj - UPPCB",Prayagraj,8H,9,2017,2025,success
site_5484,"Nagar Nigam, Prayagraj - UPPCB",Prayagraj,8H,9,2017,2025,success
site_5423,"Jawahar Nagar, Puducherry - PPCC",Puducherry,8H,9,2017,2025,success
site_5405,"Alandi, Pimpri-Chinchwad - IITM",Pune,8H,0,,,success
site_6012,"Dhankawadi, Pune - IITM",Pune,8H,1,2025,2025,success
site_5407,"Hadapsar, Pune - IITM",Pune,8H,9,2017,2025,success
site_292,"Karve Road, Pune - MPCB",Pune,8H,11,2015,2025,success
site_5766,"Katraj Dairy, Pune - MPCB",Pune,8H,4,2017,2025,success
site_5410,"MIT-Kothrud, Pune - IITM",Pune,8H,9,2017,2025,success
site_5404,"Mhada Colony, Pune - IITM",Pune,8H,9,2017,2025,success
site_5996,"Panchawati_Pashan, Pune - IITM",Pune,8H,2,2024,2025,success
site_5409,"Revenue Colony-Shivajinagar, Pune - IITM",Pune,8H,9,2017,2025,success
site_5767,"Savitribai Phule Pune University, Pune - MPCB",Pune,8H,4,2017,2025,success
site_5654,"Krishak Nagar, Raipur - CECB",Purena,8H,9,2017,2025,success
site_6069,"Indira Nagar, Raebareli - NTPC Unchahar",Raebareli,8H,0,,,success
site_5414,"Haji Colony, Raichur - KSPCB",Raichur,8H,9,2017,2025,success
site_5652,"AIIMS, Raipur - CECB",Raipur,8H,9,2017,2025,success
site_5655,"Bhatagaon New ISBT, Raipur - CECB",Raipur,8H,9,2017,2025,success
site_5672,"Divisional Forest Office, Rairangpur - OSPCB",Rairangpur,8H,9,2017,2025,success
site_5269,"Deen Dayal Nagar, Sagar - MPPCB",Rajakhedi,8H,9,2017,2025,success
site_5489,"Dangi Tola, Rajgir - BSPCB",Rajgir,8H,9,2017,2025,success
site_6068,"Mavdi, Rajkot - Nexteng Enviro",Rajkot,8H,0,,,success
site_5625,"Chalai Bazaar, Ramanathapuram - TNPCB",Ramanathapuram,8H,9,2017,2025,success
site_5986,"Mahabir Colliery, Asansol - WBPCB",Raniganj,8H,2,2024,2025,success
site_5995,"Trivenidevi Bhalotia College, Asansol - WBPCB",Raniganj,8H,2,2024,2025,success
site_5617,"VOC Nagar_SIPCOT, Ranipet - TNPCB",Ranipet,8H,9,2017,2025,success
site_1538,"Ratanpura, Rupnagar - Ambuja Cements",Ratanpura,8H,9,2017,2025,success
site_5042,"Shasthri Nagar, Ratlam - IPCA Lab",Ratlam,8H,9,2017,2025,success
site_5597,"IITH Kandi, Hyderabad - TSPCB",Regional,8H,9,2017,2025,success
site_6062,"Khrew, Pampore - JKPCC",Regional,8H,1,2025,2025,success
site_5703,"Shivaji Nagar, Rishikesh - UKPCB",Rishikesh,8H,4,2017,2025,success
site_5482,"Rohta, Agra - UPPCB",Rohta,8H,9,2017,2025,success
site_5675,"Raghunathpali, Rourkela - OSPCB",Rourkela,8H,9,2017,2025,success
site_5688,"Sector-2, Rourkela - OSPCB",Rourkela,8H,9,2017,2025,success
site_6092,"SRM University, Modinagar - UPPCB",Sadabad Jakhaiva,8H,0,,,success
site_5662,"Civil Lines, Sagar - MPPCB",Sagar,8H,9,2017,2025,success
site_5551,"Police Line, Saharsa - BSPCB",Saharsa,8H,9,2017,2025,success
site_5068,"Sahilara, Maihar - KJS Cements",Sahilara,8H,9,2017,2025,success
site_5622,"Sona College of Technology, Salem - TNPCB",Salem,8H,9,2017,2025,success
site_5552,"DM Office_Kasipur, Samastipur - BSPCB",Samastipur,8H,9,2017,2025,success
site_5485,"Dada Peer, Sasaram - BSPCB",Sasaram,8H,9,2017,2025,success
site_147,"MD University, Rohtak - HSPCB",Sasroli,8H,10,2016,2025,success
site_6075,"Koyana Nagar, Satara - MPCB",Satara,8H,0,,,success
site_1433,"Bandhavgar Colony, Satna - Birla Cement",Satna,8H,9,2017,2025,success
site_5716,"Sahu Nagar, Sawai Madhopur - RSPCB",Sawai Madhopur,8H,4,2017,2025,success
site_5596,"ECIL Kapra, Hyderabad - TSPCB",Secunderabad,8H,9,2017,2025,success
site_5600,"Nacharam_TSIIC IALA, Hyderabad - TSPCB",Secunderabad,8H,9,2017,2025,success
site_5611,"Semmandalam, Cuddalore - TNPCB",Semmandalam,8H,9,2017,2025,success
site_5593,"JN Stadium, Shillong - Meghalaya PCB",Shillong,8H,9,2017,2025,success
site_5131,"Lumpyngngad, Shillong - Meghalaya PCB",Shillong,8H,9,2017,2025,success
site_5266,"Vinoba Nagara, Shivamogga - KSPCB",Shivamogga,8H,9,2017,2025,success
site_5673,"Tata Township, Bileipada - OSPCB",Sialijoda,8H,9,2017,2025,success
site_5722,"Radhakishan Pura, Sikar - RSPCB",Sikar,8H,4,2017,2025,success
site_5684,"Tarapur, Silchar - PCBA",Silchar,8H,9,2017,2025,success
site_1419,"Ward-32 Bapupara, Siliguri - WBPCB",Siliguri,8H,9,2017,2025,success
site_5705,"Vedhaynath Colony, Sirohi - RSPCB",Sirohi,8H,4,2017,2025,success
site_5051,"F-Block, Sirsa - HSPCB",Sirsa,8H,9,2017,2025,success
site_5658,"Girls College, Sivasagar - PCBA",Sivasagar,8H,9,2017,2025,success
site_5553,"Chitragupta Nagar, Siwan - BSPCB",Siwan,8H,9,2017,2025,success
site_5777,"Dnyaneshwar Nagar, Solapur - MPCB",Solapur,8H,4,2017,2025,success
site_5776,"Ratandeep Housing Society, Solapur - MPCB",Solapur,8H,4,2017,2025,success
site_302,"Solapur, Solapur - MPCB",Solapur,8H,10,2016,2025,success
site_5669,"Central Academy for SFS, Byrnihat - PCBA",Sonai N.C.,8H,9,2017,2025,success
site_5626,"Bharathidasan University, Palkalaiperur - TNPCB",Sooriyur,8H,9,2017,2025,success
site_5719,"Old City, Sri Ganganagar - RSPCB",Sri Ganganagar,8H,4,2017,2025,success
site_6010,"Police Line, Sri Vijaya Puram - ANPCC",Sri Vijaya Puram,8H,1,2025,2025,success
site_6061,"Khunmoh, Srinagar - JKPCC",Srinagar,8H,1,2025,2025,success
site_5424,"Rajbagh, Srinagar - JKPCC",Srinagar,8H,1,2025,2025,success
site_5676,"OMC Colony, Suakati - OSPCB",Suakati,8H,9,2017,2025,success
site_5816,"Suhagi, Jabalpur - JMC",Suhagi,8H,4,2017,2025,success
site_6066,"Katargam, Surat - Nexteng Enviro",Surat,8H,1,2025,2025,success
site_5664,"Science Center, Surat - SMC",Surat,8H,9,2017,2025,success
site_1408,"Talcher Coalfields,Talcher - OSPCB",Talcher,8H,9,2017,2025,success
site_5677,"Barsua Iron Ore Mines, Tensa - OSPCB",Tensa,8H,9,2017,2025,success
site_305,"Pimpleshwar Mandir, Kalyan - MPCB",Thane,8H,2,2016,2025,success
site_5800,"Upvan Fort, Thane - MPCB",Thane,8H,4,2017,2025,success
site_5610,"Parisutham Nagar, Thanjavur - TNPCB",Thanjavur,8H,9,2017,2025,success
site_5331,"Kariavattom, Thiruvananthapuram - Kerala PCB",Thiruvananthapuram,8H,9,2017,2025,success
site_252,"Plammoodu, Thiruvananthapuram - Kerala PCB",Thiruvananthapuram,8H,9,2017,2025,success
site_5367,"Meelavittan, Thoothukudi - TNPCB",Thoothukudi,8H,9,2017,2025,success
site_5390,"Corporation Ground, Thrissur - Kerala PCB",Thrissur,8H,9,2017,2025,success
site_5503,"Mangala, Bilaspur - NTPC",Tilak Nagar,8H,9,2017,2025,success
site_5630,"St Joseph College, Tiruchirappalli - TNPCB",Tiruchirappalli,8H,9,2017,2025,success
site_5609,"Municipal Corporation Office, Tirunelveli - TNPCB",Tirunelveli,8H,9,2017,2025,success
site_258,"Toll Gate, Tirumala - APPCB",Tirupati Urban,8H,2,2016,2025,success
site_5607,"Kumaran College, Tirupur - TNPCB",Tiruppur,8H,9,2017,2025,success
site_5702,"Shastri Nagar, Tonk - RSPCB",Tonk,8H,4,2017,2025,success
site_5591,"Manipur University, Imphal - Manipur PCB",Torban,8H,9,2017,2025,success
site_5682,"Thimmalapura, Tumakuru - KSPCB",Tumakur,8H,9,2017,2025,success
site_5692,"OP Jindal Industrial Park, Tumidih - CECB",Tumidih,8H,9,2017,2025,success
site_5433,"Brahmagiri, Udupi - KSPCB",Udupi,8H,9,2017,2025,success
site_1400,"Mahakaleshwar Temple, Ujjain - MPPCB",Ujjain,8H,9,2017,2025,success
site_6063,"Mahashweta Nagar, Ujjain - MPPCB",Ujjain,8H,1,2025,2025,success
site_5812,"Sidhi Vinayak Nagar, Ulhasnagar - MPCB",Ulhasnagar,8H,4,2017,2025,success
site_6083,"Vithalwadi, Ulhasnagar - MPCB",Ulhasnagar,8H,1,2025,2025,success
site_6065,"Bapunagar, Vadodara - Nexteng Enviro",Vadodara,8H,1,2025,2025,success
site_5274,"GIDC, Nandesari - Nandesari Ind. Association",Vadodara,8H,9,2017,2025,success
site_5605,"Crescent University, Chengalpattu - TNPCB",Vandalur,8H,9,2017,2025,success
site_5071,"Phase-1 GIDC, Vapi - GPCB",Vapi,8H,9,2017,2025,success
site_273,"Ardhali Bazar, Varanasi - UPPCB",Varanasi,8H,15,2011,2025,success
site_5469,"Bhelupur, Varanasi - UPPCB",Varanasi,8H,9,2017,2025,success
site_5468,"IESD Banaras Hindu University, Varanasi - UPPCB",Varanasi,8H,9,2017,2025,success
site_5475,"Maldahiya, Varanasi - UPPCB",Varanasi,8H,9,2017,2025,success
site_5808,"Bolinj, Virar - MPCB",Vasai-Virar,8H,4,2017,2025,success
site_5102,"Vasai West, Mumbai - MPCB",Vasai-Virar,8H,9,2017,2025,success
site_5457,"IIPHG Lekawada, Gandhinagar - IITM",Vayushaktinagar,8H,9,2017,2025,success
site_1406,"Secretariat, Amaravati - APPCB",Velgapudi,8H,9,2017,2025,success
site_5615,"Vasanthapuram, Vellore - TNPCB",Vellore,8H,9,2017,2025,success
site_1399,"Anand Kala Kshetram, Rajamahendravaram - APPCB",Vemuluru,8H,9,2017,2025,success
site_5267,"Ibrahimpur, Vijayapura - KSPCB",Vijayapura,8H,9,2017,2025,success
site_5848,"HB Colony, Vijayawada - APPCB",Vijayawada,8H,3,2023,2025,success
site_257,"PWD Grounds, Vijayawada - APPCB",Vijayawada,8H,9,2017,2025,success
site_5849,"Rajiv Gandhi Park, Vijayawada - APPCB",Vijayawada,8H,3,2023,2025,success
site_260,"GVM Corporation, Visakhapatnam - APPCB",Visakhapatnam,8H,10,2016,2025,success
site_5483,"Omex Eternity, Vrindavan - UPPCB",Vrindavan,8H,9,2017,2025,success
site_198,"More Chowk Waluj, Aurangabad - MPCB",Waladgaon,8H,10,2016,2025,success
site_5254,"Collector Office, Yadgir - KSPCB",Yadgiri,8H,9,2017,2025,success
site_5046,"Gobind Pura, Yamuna Nagar - HSPCB",Yamuna Nagar,8H,9,2017,2025,success
site_306,"Manali, Chennai - CPCB",manali,8H,15,2011,2025,success
site_5720,"Jhalamand, Jodhpur - RSPCB",जोधपुर,8H,4,2017,2025,success
site_5797,"Kasarvadavali, Thane - MPCB",ठाणे,8H,4,2017,2025,success
