{
 "tax": {
  "AY_2012-13": {
   "returns": 31188609,
   "zero": 17351402,
   "pzero": 55.63377962768394,
   "tottax": 389577,
   "tax_gt1cr_pct": 65.8899267667239,
   "n_gt1cr": 21879,
   "tax_gt50cr_pct": 42.82824704743863
  },
  "AY_2013-14": {
   "returns": 36075691,
   "zero": 18087228,
   "pzero": 50.13688580490392,
   "tottax": 393918,
   "tax_gt1cr_pct": 59.96755669961769,
   "n_gt1cr": 20881,
   "tax_gt50cr_pct": 38.849963698028525
  },
  "AY_2014-15": {
   "returns": 39128247,
   "zero": 18534488,
   "pzero": 47.36856215408781,
   "tottax": 424848,
   "tax_gt1cr_pct": 56.244586299099915,
   "n_gt1cr": 23854,
   "tax_gt50cr_pct": 34.30262117274884
  },
  "AY_2015-16": {
   "returns": 43599192,
   "zero": 21433945,
   "pzero": 49.161335375206036,
   "tottax": 549280,
   "tax_gt1cr_pct": 62.782005534517914,
   "n_gt1cr": 30711,
   "tax_gt50cr_pct": 40.40380133993592
  },
  "AY_2016-17": {
   "returns": 49487559,
   "zero": 21951733,
   "pzero": 44.35808401865204,
   "tottax": 623710,
   "tax_gt1cr_pct": 60.65751711532603,
   "n_gt1cr": 33802,
   "tax_gt50cr_pct": 38.973080438024084
  },
  "AY_2017-18": {
   "returns": 49868380,
   "zero": 21584260,
   "pzero": 43.28245673912006,
   "tottax": 717688,
   "tax_gt1cr_pct": 60.0644012439946,
   "n_gt1cr": 39778,
   "tax_gt50cr_pct": 38.08479450680519
  },
  "AY_2018-19": {
   "returns": 58713458,
   "zero": 23742101,
   "pzero": 40.43723842666532,
   "tottax": 807728,
   "tax_gt1cr_pct": 59.386204266782876,
   "n_gt1cr": 45371,
   "tax_gt50cr_pct": 37.10023671334905
  },
  "AY_2019-20": {
   "returns": 66914905,
   "zero": 28952532,
   "pzero": 43.26768752044107,
   "tottax": 922152.76,
   "tax_gt1cr_pct": 59.07405298011579,
   "n_gt1cr": 51307,
   "tax_gt50cr_pct": 37.25481448431603
  },
  "AY_2020-21": {
   "returns": 63939427,
   "zero": 43018614,
   "pzero": 67.2802619892105,
   "tottax": 850577.09,
   "tax_gt1cr_pct": 53.60600648202269,
   "n_gt1cr": 52749,
   "tax_gt50cr_pct": 30.351501708093267
  },
  "AY_2022-23": {
   "returns": 72578080,
   "zero": 43901814,
   "pzero": 60.48908155189556,
   "tottax": 1327153.91,
   "tax_gt1cr_pct": 59.91681326546369,
   "n_gt1cr": 81219,
   "tax_gt50cr_pct": 35.20154870357124
  },
  "AY_2023-24": {
   "returns": 79712145,
   "zero": 49137238,
   "pzero": 61.643351838041745,
   "tottax": 1535151.09,
   "tax_gt1cr_pct": 58.096391671780005,
   "n_gt1cr": 91062,
   "tax_gt50cr_pct": 34.61015749270646
  }
 },
 "income": {
  "AY_2012-13": {
   "totinc": 1556337,
   "avg_lakh": 4.990085154870439,
   "inc_gt1cr_pct": 57.010596034149415,
   "n_gt1cr": 73296,
   "inc_gt50cr_pct": 39.766387356979884,
   "n_gt500cr": 198
  },
  "AY_2013-14": {
   "totinc": 2182866,
   "avg_lakh": 6.050794702726554,
   "inc_gt1cr_pct": 39.688189746874066,
   "n_gt1cr": 80397,
   "inc_gt50cr_pct": 26.643275400322327,
   "n_gt500cr": 190
  },
  "AY_2014-15": {
   "totinc": 2376563,
   "avg_lakh": 6.073778362726038,
   "inc_gt1cr_pct": 35.42552837858706,
   "n_gt1cr": 85317,
   "inc_gt50cr_pct": 22.858262120549718,
   "n_gt500cr": 164
  },
  "AY_2015-16": {
   "totinc": 2945027,
   "avg_lakh": 6.754774262789089,
   "inc_gt1cr_pct": 38.67733640472566,
   "n_gt1cr": 103548,
   "inc_gt50cr_pct": 25.8166054165208,
   "n_gt500cr": 235
  },
  "AY_2016-17": {
   "totinc": 3364683,
   "avg_lakh": 6.799048221392371,
   "inc_gt1cr_pct": 36.548138413039204,
   "n_gt1cr": 114489,
   "inc_gt50cr_pct": 24.22694797697138,
   "n_gt500cr": 251
  },
  "AY_2017-18": {
   "totinc": 3791747,
   "avg_lakh": 7.60350947835081,
   "inc_gt1cr_pct": 37.60068907551057,
   "n_gt1cr": 133484,
   "inc_gt50cr_pct": 24.998371463074935,
   "n_gt500cr": 277
  },
  "AY_2018-19": {
   "totinc": 4530064,
   "avg_lakh": 7.715546238138452,
   "inc_gt1cr_pct": 37.20322715087469,
   "n_gt1cr": 160010,
   "inc_gt50cr_pct": 24.440471481197616,
   "n_gt500cr": 329
  },
  "AY_2019-20": {
   "totinc": 5172495.93,
   "avg_lakh": 7.729960806191087,
   "inc_gt1cr_pct": 38.08352904784209,
   "n_gt1cr": 182475,
   "inc_gt50cr_pct": 25.438472408812512,
   "n_gt500cr": 390
  },
  "AY_2020-21": {
   "totinc": 5424637.53,
   "avg_lakh": 8.484025873425484,
   "inc_gt1cr_pct": 36.06507788180273,
   "n_gt1cr": 192221,
   "inc_gt50cr_pct": 23.638760431611733,
   "n_gt500cr": 402
  },
  "AY_2022-23": {
   "totinc": 8081186.85,
   "avg_lakh": 11.13447317702535,
   "inc_gt1cr_pct": 45.85581435974346,
   "n_gt1cr": 291518,
   "inc_gt50cr_pct": 32.77760060701975,
   "n_gt500cr": 852
  },
  "AY_2023-24": {
   "totinc": 9276734.45,
   "avg_lakh": 11.637793023886134,
   "inc_gt1cr_pct": 45.41100095842455,
   "n_gt1cr": 335133,
   "inc_gt50cr_pct": 32.56885810717585,
   "n_gt500cr": 908
  }
 },
 "types": {
  "AY_2013-14": {
   "Individual": 33585294,
   "HUF": 897681,
   "Firm": 882895,
   "AOP/BOI": 30105,
   "Companies": 625558,
   "Others": 54158,
   "Total": 36075691
  },
  "AY_2014-15": {
   "Individual": 36513034,
   "HUF": 940061,
   "Firm": 918891,
   "AOP/BOI": 1017,
   "Companies": 701566,
   "Others": 53678,
   "Total": 39128247
  },
  "AY_2015-16": {
   "Individual": 40739799,
   "HUF": 998878,
   "Firm": 980732,
   "AOP/BOI": 11697,
   "Companies": 719796,
   "Others": 148290,
   "Total": 43599192
  },
  "AY_2016-17": {
   "Individual": 46379861,
   "HUF": 1061945,
   "Firm": 1074468,
   "AOP/BOI": 76151,
   "Companies": 770092,
   "Others": 125042,
   "Total": 49487559
  },
  "AY_2017-18": {
   "Individual": 46675114,
   "HUF": 1070688,
   "Firm": 1104509,
   "AOP/BOI": 69727,
   "Companies": 792268,
   "Others": 156074,
   "Total": 49868380
  },
  "AY_2018-19": {
   "Individual": 55260219,
   "HUF": 1130554,
   "Firm": 1269736,
   "AOP/BOI": 204048,
   "Companies": 841942,
   "Others": 6959,
   "Total": 58713458
  },
  "AY_2019-20": {
   "Individual": 63226597,
   "HUF": 1187598,
   "Firm": 1357649,
   "AOP/BOI": 108932,
   "Companies": 885655,
   "Others": 148474,
   "Total": 66914905
  },
  "AY_2020-21": {
   "Individual": 60228633,
   "HUF": 1173811,
   "Firm": 1357959,
   "AOP/BOI": 103878,
   "Companies": 917455,
   "Others": 157691,
   "Total": 63939427
  },
  "AY_2022-23": {
   "Individual": 68544147,
   "HUF": 1231205,
   "Firm": 1483050,
   "AOP/BOI": 116950,
   "Companies": 1021520,
   "Others": 181208,
   "Total": 72578080
  },
  "AY_2023-24": {
   "Individual": 75461286,
   "HUF": 1278502,
   "Firm": 1571284,
   "AOP/BOI": 119020,
   "Companies": 1070924,
   "Others": 211129,
   "Total": 79712145
  }
 },
 "composition": {
  "AY_2013-14": {
   "Salary Income": 833180,
   "House Property Income": 51077,
   "Business Income": 1310601,
   "Long Term Capital Gains": 49154,
   "Short Term Capital Gains": 23048,
   "Other Sources Income": 215906,
   "Total (Addition of above)": 2482967,
   "Loss Setoff": 51270,
   "Gross Total Income": 2431697,
   "Return Income": 2182866,
   "Aggregate Tax Liability": 393918
  },
  "AY_2014-15": {
   "Salary Income": 979910,
   "House Property Income": 59700,
   "Business Income": 1319484,
   "Long Term Capital Gains": 64521,
   "Short Term Capital Gains": 20971,
   "Other Sources Income": 247471,
   "Total (Addition of above)": 2692057,
   "Loss Setoff": 57678,
   "Gross Total Income": 2634379,
   "Return Income": 2376563,
   "Aggregate Tax Liability": 424848
  },
  "AY_2015-16": {
   "Salary Income": 1167746,
   "House Property Income": 45574,
   "Business Income": 1776199,
   "Long Term Capital Gains": 84847,
   "Short Term Capital Gains": 73347,
   "Other Sources Income": 370568,
   "Total (Addition of above)": 3518281,
   "Total Loss Setoff": 156266,
   "Gross Total Income": 3362015,
   "Return Income": 2945028,
   "Aggregate Tax Liability": 549279
  },
  "AY_2016-17": {
   "Salary Income": 1396194,
   "House Property Income": 51119,
   "Business Income": 1956109,
   "Long Term Capital Gains": 94355,
   "Short Term Capital Gains": 47687,
   "Other Sources Income": 447929,
   "Total (Addition of above)": 3993393,
   "Total Loss Setoff": 142999,
   "Gross Total Income": 3850394,